0,1,2,3,4,5,6,7
1.284,0.2772,0.4032,0.3894,2.8126,3.4725,4.9824,788.094
1.1484,0.2747,0.4021,0.3879,2.6484,3.1186,4.3147,812.528
1.203,0.2825,0.4055,0.3907,4.6563,4.7051,4.9563,767.138
1.1377,0.2825,0.4054,0.3891,4.6842,4.8239,5.1984,795.817
1.0253,0.2811,0.4047,0.3877,2.5968,3.1161,4.3418,815.741
0.8973,0.2785,0.4036,0.3875,2.0174,2.5085,3.7465,831.885
0.7761,0.2762,0.4028,0.3873,1.5312,2.0253,3.2773,845.712
0.6648,0.2734,0.4016,0.3871,1.5126,1.9435,3.0588,856.849
0.5178,0.2734,0.4016,0.3871,-2.6947,-1.5815,1.0315,856.849
0.9628,0.2825,0.4054,0.3932,2.1424,2.1731,2.4234,715.368
1.7572,0.2807,0.4045,0.3955,6.982,6.3125,5.0545,646.223
2.0315,0.281,0.4047,0.3938,8.2925,7.816,6.6947,697.501
1.9126,0.28,0.4043,0.391,6.0784,6.198,6.3828,761.964
1.6944,0.2804,0.4054,0.3892,3.7696,4.2322,5.2842,794.619
1.4607,0.2818,0.4054,0.3879,3.4092,3.7862,4.7362,815.064
1.2408,0.28,0.4048,0.3876,3.895,4.1243,4.7518,829.441
1.0469,0.2785,0.4043,0.3875,1.0318,1.7523,3.4496,843.554
0.8153,0.2785,0.4043,0.3875,-1.2792,-0.3582,1.8805,843.554
0.6989,0.2812,0.4048,0.3876,1.528,1.7622,2.5124,854.523
0.5443,0.2824,0.4054,0.3877,0.1539,0.6626,2.0469,854.523
0.5099,0.2813,0.4049,0.3876,0.5671,0.9677,2.0423,840.02
0.4645,0.2801,0.4044,0.3875,0.8643,1.2124,2.1433,852.206
0.4144,0.2801,0.4044,0.3875,1.3825,1.6526,2.3934,862.101
0.4503,0.2826,0.4055,0.3877,2.5115,2.6224,2.9888,819.972
0.5254,0.2826,0.4055,0.3886,3.0305,3.1359,3.4526,803.847
0.5441,0.2826,0.4055,0.3878,3.1972,3.3369,3.7188,817.28
0.5238,0.2821,0.4053,0.3877,3.067,3.2658,3.7815,831.122
0.4863,0.281,0.4047,0.3876,3.0968,3.3008,3.8385,844.997
0.44,0.28,0.4042,0.3875,3.2114,3.4073,3.9287,856.247
0.3906,0.2778,0.4033,0.3873,3.2013,3.4145,3.9724,865.396
0.3412,0.277,0.403,0.3872,3.2346,3.4505,4.0166,872.951
0.294,0.2742,0.4018,0.387,3.2383,3.462,4.0458,879.096
0.2501,0.2735,0.4015,0.3869,3.4295,3.6272,4.1537,884.267
0.3572,0.277,0.4027,0.3878,4.3434,4.4032,4.6194,807.822
0.3782,0.2822,0.4055,0.3877,7.0452,6.7158,6.0392,831.141
0.3729,0.2778,0.4031,0.3875,6.3464,6.3413,6.2987,844.985
0.3516,0.275,0.4013,0.3872,4.1499,4.5483,5.4467,856.325
0.3215,0.271,0.3987,0.3868,1.6024,2.3157,3.995,865.525
0.2504,0.2697,0.3978,0.3867,-0.5142,0.3616,2.4747,865.525
0.195,0.2684,0.397,0.3865,-1.2039,-0.4218,1.5373,865.525
0.1838,0.2826,0.4055,0.3877,1.5934,1.7771,2.3893,876.51
0.2087,0.2806,0.4044,0.3875,1.8811,2.0788,2.7605,853.452
0.2136,0.2797,0.4039,0.3874,2.1848,2.4142,3.0409,863.188
0.206,0.2774,0.4024,0.3872,2.4152,2.64,3.2454,871.072
0.1908,0.2753,0.401,0.387,1.986,2.3102,3.1296,877.608
0.1715,0.2744,0.4005,0.3869,1.1514,1.5992,2.708,882.982
0.1504,0.2744,0.4005,0.3869,1.8259,2.0991,2.8484,887.405
0.1291,0.2815,0.4049,0.3876,2.2758,2.4957,3.0983,891.046
0.2335,0.2816,0.4049,0.3876,3.1889,3.2869,3.6058,817.993
0.3835,0.2816,0.4049,0.389,3.2576,3.4156,3.8394,795.567
0.4348,0.2808,0.4045,0.3877,2.3793,2.7167,3.5447,816.872
0.4375,0.2789,0.4037,0.3876,1.2708,1.7532,2.94,831.848
0.4181,0.2771,0.4031,0.3874,0.9147,1.3744,2.5452,845.643
0.3861,0.2735,0.4011,0.387,2.0446,2.2607,2.8934,856.782
0.5635,0.2825,0.4055,0.3901,3.1477,3.2289,3.5155,778.607
0.7659,0.2821,0.4053,0.3909,3.3535,3.4846,3.8476,762.755
0.8007,0.2826,0.4055,0.3892,2.0742,2.4652,3.4072,794.808
0.6236,0.2804,0.4045,0.3888,0.0645,0.7297,2.3354,794.808
0.4857,0.2777,0.4038,0.3885,-2.4117,-1.4775,0.7903,794.808
0.3782,0.2755,0.4028,0.3884,-3.5395,-2.5939,-0.3332,794.808
0.2946,0.2702,0.3998,0.3881,-3.6917,-2.8221,-0.7808,794.808
0.2294,0.2816,0.405,0.3877,-0.9066,-0.5359,0.3808,794.808
0.6328,0.2819,0.4052,0.3923,2.0471,1.9224,1.7401,735.35
1.2396,0.2754,0.4027,0.394,2.9109,2.6616,2.2093,684.017
1.303,0.2746,0.4042,0.3911,2.9976,2.9299,2.9751,760.276
1.2245,0.2774,0.4049,0.3892,4.1703,3.9879,3.8217,793.216
1.1144,0.2764,0.4017,0.3879,3.1933,3.367,3.7852,808.375
0.9705,0.2679,0.396,0.3871,3.1119,3.2996,3.783,829.695
0.8356,0.2671,0.3955,0.3873,5.7252,5.4759,5.0034,844.025
0.7134,0.28,0.4042,0.3875,8.6053,8.0488,6.8172,855.419
0.6043,0.2754,0.4029,0.3872,8.41,8.1543,7.494,864.811
0.9567,0.2823,0.4054,0.3926,7.2697,7.3018,7.3183,729.067
1.0195,0.2823,0.4054,0.3903,8.6292,8.4147,7.942,775.623
0.9727,0.2792,0.4038,0.3884,7.0003,7.1658,7.5006,802.58
0.8733,0.2783,0.4051,0.3877,4.6697,5.17,6.3192,824.441
0.7687,0.2701,0.4012,0.3872,3.8783,4.352,5.5241,838.372
0.6678,0.2676,0.3996,0.3873,3.7652,4.1578,5.1576,851.078
1.0739,0.2821,0.4053,0.3932,3.4279,3.8295,4.8386,716.398
1.48,0.2822,0.4053,0.3938,4.0272,4.275,4.9565,700.742
1.7187,0.2793,0.4039,0.393,6.0891,6.0032,5.9146,714.207
1.6286,0.2706,0.4003,0.39,6.7349,6.6747,6.5706,771.659
1.437,0.2692,0.3994,0.3884,3.976,4.4743,5.5883,805.811
1.2358,0.28,0.4046,0.3875,0.8654,1.7483,3.8126,824.089
1.0515,0.2727,0.4015,0.387,1.5742,2.0789,3.4248,838.081
0.8883,0.2641,0.3958,0.3864,2.226,2.5769,3.526,850.872
0.7457,0.2787,0.4049,0.3877,4.9664,4.8603,4.7658,861.268
0.6227,0.2764,0.4015,0.3872,7.3752,7.0356,6.3201,869.483
0.5646,0.2799,0.4042,0.3875,8.7683,8.4062,7.571,844.145
0.8125,0.2779,0.4031,0.391,12.7035,11.8516,9.895,752.37
0.8392,0.2606,0.3967,0.3881,12.5057,12.0225,10.7793,794.176
0.7617,0.2606,0.3987,0.3877,5.3499,6.218,7.9818,827.447
0.6771,0.2522,0.3929,0.3866,4.7274,5.2991,6.6878,841.425
0.5925,0.2415,0.3852,0.3851,4.6126,5.0509,6.1389,853.62
0.5119,0.234,0.3802,0.384,5.2732,5.5275,6.1971,863.626
0.437,0.2231,0.3726,0.3824,6.4393,6.4976,6.7151,871.996
0.3685,0.2224,0.3721,0.3826,9.883,9.3987,8.4454,879.245
0.308,0.2216,0.3831,0.3876,8.2993,8.3581,8.4216,884.32
0.2552,0.282,0.4051,0.3877,8.8508,8.7956,8.6958,888.54
0.2093,0.2788,0.4033,0.3875,11.0753,10.6954,9.8494,892.039
0.1696,0.2643,0.394,0.3864,11.775,11.4469,10.6492,895.02
0.1348,0.2583,0.39,0.3856,10.3479,10.3748,10.3605,897.909
0.105,0.2512,0.3852,0.3847,8.5889,8.8795,9.5038,900.059
0.0818,0.2493,0.3859,0.3874,8.0558,8.3246,8.9602,902.083
0.0637,0.2459,0.3837,0.3872,9.2838,9.2696,9.3063,903.75
0.0496,0.2394,0.3791,0.3862,8.4065,8.602,9.0393,905.526
0.0386,0.2383,0.3783,0.3864,5.0888,5.8261,7.4404,907.563
0.0301,0.2312,0.3731,0.3853,4.2601,4.905,6.4284,909.19
0.0234,0.2298,0.3831,0.3875,3.642,4.2575,5.7135,911.266
0.0182,0.2204,0.3758,0.386,3.6319,4.1391,5.3684,912.914
0.0142,0.2121,0.3694,0.3845,4.1385,4.5024,5.4051,915.201
0.0111,0.2038,0.3634,0.3832,5.0596,5.2575,5.7837,917.439
0.0086,0.2024,0.3623,0.3872,6.2257,6.2613,6.4194,919.737
0.0067,0.1964,0.3576,0.3861,5.7177,5.9388,6.4282,921.354
0.0052,0.193,0.384,0.3872,6.4253,6.5102,6.747,923.4
0.0041,0.1845,0.3769,0.3857,7.0053,7.0319,7.1329,925.23
0.0032,0.1823,0.3859,0.3873,7.9274,7.84,7.7045,927.574
0.0025,0.2156,0.4034,0.3874,9.1232,8.899,8.4784,929.25
0.0019,0.2198,0.404,0.3875,8.0012,8.1116,8.3146,930.914
0.0015,0.266,0.4047,0.3876,8.4835,8.4799,8.5003,932.501
0.0012,0.2821,0.4051,0.3877,12.5336,11.8727,10.438,934.034
0.0009,0.2772,0.4019,0.3871,12.0503,11.7646,11.0072,935.525
0.0007,0.2651,0.3938,0.3856,11.1069,11.0538,10.8593,937.312
0.0006,0.2531,0.3857,0.384,11.2137,11.1269,10.9095,939.497
0.0004,0.2498,0.3835,0.3861,14.2231,13.6333,12.3338,941.791
0.0003,0.2458,0.3806,0.3858,14.2629,13.8829,12.9467,943.727
0.0003,0.2357,0.3738,0.3844,13.6673,13.4784,12.9752,945.731
0.0002,0.227,0.3676,0.383,12.2521,12.3218,12.4061,949.191
0.0002,0.218,0.3613,0.3816,11.4823,11.6136,11.8794,952.354
0.0001,0.2075,0.3542,0.38,11.5586,11.6079,11.7257,955.844
0.0001,0.2031,0.3509,0.3792,10.2061,10.4869,11.0647,959.934
0.0001,0.2022,0.3502,0.3839,8.4465,8.9512,10.016,962.344
0.0001,0.2013,0.3492,0.3849,8.5964,8.914,9.6481,963.925
0.0,0.2007,0.3484,0.3847,7.7594,8.1782,9.0932,965.279
0.0,0.1984,0.3457,0.3837,7.6872,8.0273,8.8021,966.628
0.0,0.1982,0.4022,0.3876,8.9549,9.0105,9.2098,967.973
0.0,0.2795,0.4032,0.3874,10.7083,10.4952,10.1167,969.314
0.0,0.2698,0.3957,0.3861,11.9777,11.6935,11.0449,970.649
0.0,0.2693,0.3952,0.3869,14.6953,14.0734,12.6521,971.981
0.2923,0.2823,0.4055,0.3905,16.414,15.7299,14.0939,771.129
0.8855,0.282,0.4055,0.394,16.8941,16.3399,14.9379,698.354
1.0273,0.2782,0.4029,0.391,16.0641,15.7732,14.9702,760.274
1.008,0.2718,0.3992,0.3886,15.2313,15.0932,14.6807,793.728
0.909,0.2702,0.4004,0.3876,14.7679,14.6782,14.4138,821.311
0.8016,0.26,0.3939,0.3865,15.0709,14.902,14.4829,835.161
0.6977,0.2495,0.3857,0.3852,16.0507,15.7296,14.9743,848.224
0.6009,0.2456,0.383,0.3857,18.3094,17.6683,16.2042,858.806
0.5128,0.2361,0.3774,0.3851,19.196,18.5816,17.1153,867.439
0.4342,0.217,0.3648,0.3826,20.0957,19.4503,17.9249,874.523
0.3647,0.2147,0.3637,0.3827,20.8115,20.1487,18.6154,880.363
0.3039,0.2078,0.3899,0.3872,20.8795,20.3151,18.9832,885.196
0.2511,0.1967,0.3829,0.386,20.2468,19.8606,18.9142,889.208
0.2054,0.1876,0.3783,0.3852,19.1815,18.985,18.4643,892.548
0.1661,0.18,0.3743,0.3845,17.9886,17.9528,17.7933,895.334
0.1325,0.1689,0.3686,0.3834,17.5784,17.5212,17.3611,897.663
0.1037,0.153,0.3605,0.3819,18.4094,18.1236,17.5499,899.611
0.0807,0.1463,0.3567,0.3817,19.4703,18.9934,18.072,901.243
0.0629,0.1404,0.3477,0.38,20.0083,19.5002,18.5107,902.809
0.049,0.1371,0.3395,0.3786,20.5537,19.9963,18.9303,904.369
0.0381,0.1344,0.3301,0.3769,20.7544,20.2236,19.2039,905.924
0.0297,0.1327,0.3228,0.3757,20.6572,20.193,19.2954,907.474
0.0231,0.1318,0.3189,0.3781,20.9156,20.4128,19.4658,909.018
0.018,0.1316,0.3181,0.3819,23.5104,22.4792,20.6623,910.558
0.014,0.1299,0.3088,0.3803,23.3841,22.6008,21.1254,912.091
0.0109,0.1295,0.3066,0.3816,21.9104,21.5258,20.7291,913.62
0.0085,0.1289,0.3201,0.3871,21.2453,20.9395,20.3264,915.144
0.0066,0.1278,0.313,0.3859,20.2516,20.1021,19.7651,916.663
0.0052,0.1266,0.3046,0.3843,19.566,19.4697,19.2474,918.176
0.004,0.1256,0.2975,0.3829,19.3305,19.1939,18.9233,919.685
0.0031,0.1242,0.2875,0.3809,19.5534,19.3071,18.8629,921.188
0.0024,0.1232,0.2787,0.3793,19.8181,19.4974,18.9259,930.615
0.0019,0.122,0.2685,0.3772,20.0186,19.6585,19.0169,939.146
0.0015,0.1207,0.2565,0.375,20.577,20.1015,19.2748,948.487
0.0012,0.1203,0.2544,0.38,21.6915,21.0054,19.8381,959.185
0.0009,0.12,0.2526,0.3825,22.1195,21.437,20.2538,964.235
0.0007,0.1198,0.3536,0.3874,21.2806,20.8646,20.0939,972.56
0.0005,0.1191,0.3432,0.3857,20.6799,20.3826,19.8134,976.086
0.0004,0.1182,0.3306,0.3835,20.261,20.0084,19.5295,989.388
0.0003,0.1174,0.319,0.3814,20.2852,19.975,19.4208,996.025
0.0003,0.1172,0.3966,0.3871,21.2862,20.7267,19.7885,1001.768
0.0002,0.1162,0.3788,0.3844,21.3874,20.8809,19.9906,1004.045
0.0002,0.1404,0.4025,0.3873,21.9224,21.3249,20.3007,1010.591
0.0001,0.1366,0.3867,0.3849,22.4334,21.8355,20.6887,1012.401
0.0001,0.1344,0.3747,0.383,23.0432,22.3778,21.1193,1018.157
0.0001,0.1326,0.3628,0.381,22.9919,22.4114,21.2901,1023.031
0.0001,0.1311,0.3507,0.3789,23.0801,22.5089,21.4191,1027.887
0.0,0.1291,0.3331,0.3757,23.6446,22.9755,21.7336,1033.09
0.0,0.1278,0.3192,0.3731,23.8949,23.2278,21.9853,1040.385
0.0,0.1267,0.3073,0.3708,24.207,23.5164,22.2402,1046.445
0.0,0.1263,0.3027,0.3844,24.6532,23.9118,22.5547,1051.772
0.0,0.1251,0.2879,0.3813,24.9273,24.1802,22.8237,1054.344
0.0,0.1242,0.2748,0.3785,24.8667,24.1823,22.9309,1060.734
0.0,0.1237,0.2697,0.3809,25.2025,24.4636,23.1379,1066.53
0.0,0.1228,0.2568,0.3779,24.8418,24.2248,23.0934,1069.282
0.0,0.122,0.2503,0.3749,24.2322,23.7443,22.8359,1074.958
0.0,0.1213,0.2473,0.3723,23.2502,22.9389,22.3299,1081.707
0.0,0.1207,0.2452,0.3699,22.8018,22.5007,21.9342,1087.955
0.0,0.1201,0.2432,0.3672,23.1257,22.6799,21.8943,1093.862
0.0,0.1198,0.2426,0.3663,24.1277,23.4465,22.2789,1100.847
0.0,0.1193,0.2412,0.3638,23.9918,23.4097,22.3691,1103.424
0.0,0.1184,0.239,0.3596,23.9044,23.3536,22.3685,1109.681
0.0,0.1178,0.2377,0.3565,24.655,23.9321,22.6821,1119.944
0.0,0.1171,0.2363,0.353,24.94,24.211,22.9326,1127.789
0.0,0.1168,0.2357,0.3513,24.1774,23.6669,22.7257,1136.769
0.0,0.1166,0.2355,0.3824,24.0586,23.5363,22.6003,1141.445
0.0,0.1165,0.2352,0.3818,23.4304,23.0266,22.2979,1143.409
0.0,0.1159,0.2342,0.3787,23.3266,22.8901,22.1282,1146.108
0.0,0.1151,0.2329,0.3743,23.0788,22.6683,21.9465,1153.796
0.0,0.1144,0.2318,0.3703,23.0194,22.5859,21.8339,1164.145
0.0,0.114,0.3449,0.3862,23.5837,22.9951,22.0067,1173.786
0.0,0.1139,0.3419,0.3857,23.5257,22.9948,22.072,1176.828
0.0,0.1134,0.3286,0.3829,23.1805,22.7375,21.9496,1178.625
0.0,0.1129,0.3146,0.3798,23.2869,22.7919,21.9383,1184.102
0.0,0.1126,0.3007,0.3769,22.7346,22.3646,21.6957,1189.93
0.0,0.1126,0.3233,0.3869,22.3129,21.991,21.4106,1195.779
0.0,0.1126,0.3222,0.3873,22.2498,21.8882,21.2602,1197.814
0.0,0.1459,0.4026,0.3872,21.3099,21.1384,20.7916,1198.962
0.0,0.1399,0.3883,0.3845,21.0237,20.8506,20.4773,1200.369
0.0,0.1374,0.3773,0.3823,19.8504,19.8645,19.8163,1205.041
0.0,0.1356,0.3669,0.3803,18.947,19.0297,19.1286,1209.083
0.0,0.1344,0.3595,0.3788,18.8198,18.8041,18.7565,1213.119
0.0,0.1326,0.3469,0.3762,18.7511,18.6796,18.5319,1216.239
0.0,0.131,0.334,0.3735,18.8894,18.74,18.4572,1221.164
0.0,0.1309,0.3326,0.3734,21.3814,20.6724,19.4576,1226.174
0.0,0.1295,0.3208,0.3708,21.8105,21.1843,20.0263,1227.375
0.0,0.1285,0.3101,0.3685,21.7183,21.2003,20.2191,1232.132
0.0,0.1277,0.3022,0.3668,21.8231,21.3122,20.3559,1236.677
0.0,0.2784,0.4029,0.3872,22.04,21.5073,20.5191,1240.218
0.0,0.2747,0.4005,0.3868,22.344,21.9138,20.8226,1241.045
0.0,0.2735,0.4022,0.3876,22.5047,22.0909,21.0292,1241.965
0.0,0.2553,0.3909,0.3854,21.974,21.6805,20.8865,1242.71
0.0,0.2415,0.3823,0.3836,21.6738,21.4065,20.7071,1243.977
0.0,0.2284,0.3737,0.3818,20.7912,20.6509,20.2437,1245.12
0.0,0.2189,0.3674,0.3804,20.1232,20.0312,19.7595,1246.237
0.0,0.2069,0.3596,0.3787,19.8424,19.7283,19.4312,1247.246
0.0,0.1959,0.3523,0.3771,20.0065,19.8104,19.3544,1248.351
0.0,0.1817,0.3434,0.3751,20.5846,20.2639,19.5578,1249.423
0.0,0.1691,0.3353,0.3733,21.1021,20.7042,19.846,1251.13
0.0,0.1531,0.3248,0.3708,21.7443,21.2539,20.23,1253.014
0.0,0.1419,0.3144,0.3685,22.3072,21.7466,20.6204,1255.31
0.0,0.1386,0.3038,0.3661,22.791,22.1785,20.9875,1258.276
0.0,0.1362,0.2936,0.3637,23.2011,22.5603,21.3255,1262.313
0.0,0.1352,0.304,0.3866,23.2877,22.6846,21.5175,1266.375
0.0,0.1338,0.2956,0.3847,22.5559,22.1413,21.3128,1268.541
0.0,0.1324,0.2871,0.3826,21.6235,21.3746,20.8506,1272.142
0.0,0.1321,0.2856,0.3828,21.5342,21.2244,20.6304,1275.739
0.0,0.1312,0.2783,0.3812,21.6885,21.3097,20.6022,1276.905
0.0,0.1299,0.2693,0.3789,21.5983,21.2329,20.5432,1280.212
0.0,0.1292,0.2637,0.3775,21.1819,20.8932,20.3335,1284.023
0.0,0.1286,0.2594,0.3764,20.3849,20.2307,19.9018,1286.702
0.0,0.1276,0.2544,0.3744,19.9894,19.842,19.5443,1288.897
0.0,0.2804,0.4041,0.3875,19.4078,19.3222,19.1312,1292.616
0.0,0.2794,0.4039,0.3874,20.085,19.8501,19.2773,1090.121
0.0,0.2716,0.401,0.3869,20.685,20.3685,19.5823,1091.025
0.0,0.2584,0.3926,0.3856,21.0432,20.703,19.848,1091.956
0.0,0.249,0.3861,0.3843,20.8459,20.5695,19.8551,1092.971
0.0,0.2419,0.3812,0.3833,20.1999,20.0312,19.5654,1093.926
0.0,0.2375,0.3952,0.3871,20.6651,20.3704,19.6619,1094.859
0.0,0.228,0.3876,0.3856,20.4318,20.194,19.5911,1095.77
0.0,0.2202,0.3817,0.3844,19.5604,19.4621,19.1655,1096.84
0.0,0.2126,0.3758,0.3831,18.772,18.7485,18.6372,1097.897
0.0,0.205,0.3699,0.3818,18.41,18.3716,18.2515,1098.959
0.0,0.1984,0.3646,0.3806,17.77,17.7888,17.7892,1100.023
0.0,0.1936,0.3608,0.3797,16.7495,16.8826,17.1231,1101.058
0.0,0.1896,0.3576,0.379,15.8974,16.0823,16.4472,1102.042
0.0,0.1864,0.355,0.3783,15.5233,15.6696,15.9722,1103.004
0.0,0.183,0.3524,0.3777,15.2216,15.3461,15.6034,1103.938
0.0,0.1799,0.35,0.3771,15.1377,15.2133,15.3732,1104.883
0.0,0.1759,0.3468,0.3763,15.3505,15.3419,15.3322,1105.82
0.0,0.1716,0.3435,0.3755,15.6665,15.5833,15.4175,1106.813
0.0,0.167,0.34,0.3746,16.0847,15.9265,15.6061,1107.924
0.0,0.1621,0.3361,0.3736,16.5079,16.2902,15.847,1109.093
0.0,0.1609,0.3351,0.3773,17.1449,16.8338,16.211,1110.322
0.0,0.1604,0.3347,0.3775,16.3571,16.2593,16.0112,1111.243
0.0,0.1593,0.3337,0.3776,15.4678,15.5106,15.547,1112.115
0.0,0.1586,0.3331,0.3777,14.2468,14.4574,14.8248,1113.031
0.0,0.1529,0.3296,0.3769,13.0744,13.4,14.0073,1113.926
0.0,0.149,0.326,0.3761,11.7203,12.1864,13.0608,1115.325
0.0,0.1486,0.3253,0.3863,11.1875,11.6024,12.4054,1116.871
0.0,0.1473,0.3234,0.3858,10.3399,10.8157,11.7189,1117.842
0.0,0.1447,0.3188,0.3847,10.2,10.5786,11.3213,1119.127
0.0,0.1444,0.3182,0.3857,12.1407,12.0388,11.9383,1121.193
0.0,0.1422,0.313,0.3845,13.0144,12.8291,12.5166,1122.165
0.0,0.1403,0.3075,0.3832,13.2014,13.0637,12.8088,1124.576
0.0,0.1375,0.2971,0.3808,14.8272,14.3881,13.6211,1127.092
0.0,0.1358,0.2889,0.379,15.931,15.3959,14.4303,1131.27
0.0,0.1352,0.2933,0.387,16.3577,15.8699,14.9659,1134.961
0.0,0.1341,0.287,0.3855,15.1341,15.0053,14.7023,1136.91
0.0,0.1334,0.2827,0.3845,13.9691,14.0485,14.1354,1139.895
0.0,0.1333,0.316,0.3876,13.5932,13.6609,13.7632,1142.236
0.0,0.1325,0.3112,0.3864,11.7943,12.1919,12.8446,1143.327
0.0,0.1319,0.3067,0.3854,10.0565,10.6664,11.7151,1145.683
0.0,0.1318,0.3491,0.3875,9.213,9.8041,10.8602,1148.067
0.0,0.2813,0.4048,0.3876,9.6729,10.0042,10.6477,1149.087
0.0,0.2791,0.4037,0.3874,9.0297,9.3593,10.1714,1008.198
0.1486,0.2804,0.4044,0.3878,9.9239,10.0268,10.3481,812.481
0.2172,0.2816,0.4051,0.3877,12.2262,11.9617,11.4222,830.21
0.5604,0.2789,0.4036,0.3913,15.8747,15.1428,13.4759,748.354
0.6555,0.272,0.4009,0.3889,15.3769,15.014,14.0594,790.534
0.6417,0.2637,0.3957,0.3871,12.4689,12.6727,13.0167,818.627
0.5971,0.2808,0.4045,0.3876,9.8231,10.333,11.458,832.802
0.5815,0.2821,0.4053,0.3877,8.1991,8.7627,10.1144,824.173
0.7112,0.2824,0.4054,0.39,7.1722,7.7249,9.0917,779.771
1.4486,0.2805,0.4045,0.395,7.6251,7.9568,8.8432,661.889
1.5207,0.2764,0.4027,0.3914,6.8502,7.2763,8.331,748.083
1.4055,0.2703,0.3999,0.389,5.824,6.3412,7.6106,789.907
1.23,0.2716,0.4053,0.3878,6.0658,6.4322,7.3851,817.114
1.0578,0.2688,0.4034,0.3875,4.986,5.4969,6.7472,831.27
0.9018,0.2631,0.3996,0.387,3.8142,4.4237,5.9133,845.194
0.7632,0.2576,0.3959,0.3863,6.0467,6.1487,6.5451,856.565
0.6416,0.2476,0.3892,0.3849,8.6331,8.3795,7.9075,865.854
0.5356,0.2351,0.3809,0.3832,10.0014,9.6965,9.032,873.657
0.4439,0.2247,0.3742,0.3818,11.1866,10.8244,10.0167,880.243
0.3646,0.2158,0.3681,0.3805,12.3875,11.9513,10.9772,885.872
0.2965,0.2089,0.3635,0.3795,13.85,13.2924,12.0586,890.589
0.2384,0.2059,0.3615,0.3814,15.6214,14.9062,13.3355,894.371
0.1894,0.2049,0.3609,0.3844,16.2357,15.6077,14.1861,897.159
0.1484,0.2045,0.3606,0.3845,10.8477,11.3501,12.2079,899.28
0.1156,0.202,0.3588,0.3841,8.3899,9.0444,10.4011,901.004
0.09,0.2018,0.3586,0.3856,5.9491,6.7997,8.61,902.813
0.0701,0.2378,0.4053,0.3877,5.7136,6.3389,7.7552,904.394
0.0546,0.2331,0.4017,0.387,6.0589,6.4643,7.4811,905.966
0.0425,0.231,0.4,0.3867,5.4633,5.9294,7.0368,907.938
0.0331,0.2293,0.3986,0.3864,3.42,4.172,5.8829,909.667
0.0258,0.2247,0.3951,0.3857,2.9227,3.5809,5.1483,911.36
0.0201,0.221,0.3922,0.3852,6.1601,6.1283,6.2489,913.311
0.0156,0.215,0.3881,0.3843,7.8583,7.6842,7.3838,915.186
0.0122,0.2823,0.4053,0.3877,6.33,6.5888,7.1239,917.339
0.0095,0.2774,0.4021,0.3872,4.6967,5.1629,6.2729,918.872
0.0074,0.2804,0.4052,0.3877,4.0088,4.4724,5.6268,920.73
0.3546,0.2818,0.4051,0.3912,4.3646,4.6779,5.5136,757.727
0.4891,0.2806,0.4044,0.3891,7.9125,7.6106,7.0519,792.278
0.52,0.2787,0.4036,0.3877,7.4012,7.4054,7.4002,815.799
0.5038,0.2736,0.4018,0.3873,6.2441,6.4806,7.0254,831.896
0.4694,0.2704,0.4,0.3871,4.7035,5.1486,6.1995,845.795
0.5928,0.2825,0.4054,0.3896,4.4309,4.8083,5.7576,788.217
0.6158,0.28,0.4042,0.388,2.0125,2.7357,4.4662,810.594
0.4796,0.28,0.4042,0.3878,-2.8455,-1.4888,1.7255,810.594
0.3735,0.2771,0.4032,0.3875,-0.6985,-0.0626,1.5951,810.594
0.2909,0.2746,0.402,0.3873,-0.223,0.2887,1.6447,810.594
0.3216,0.2729,0.4011,0.3872,0.9513,1.2473,2.1135,834.255
0.2505,0.2718,0.4004,0.3871,-0.1681,0.3496,1.7196,834.255
0.1951,0.2691,0.4013,0.3869,-0.3624,0.1411,1.4563,834.255
0.1519,0.2659,0.3991,0.3866,-0.5277,-0.0278,1.2505,834.255
0.1183,0.2596,0.3948,0.3859,-0.173,0.2342,1.3003,834.255
0.1552,0.2563,0.3945,0.3856,1.6728,1.7617,2.1257,855.061
0.17,0.2545,0.3933,0.3853,2.8408,2.8515,2.9635,864.556
0.1704,0.2816,0.4049,0.3876,7.2134,6.5837,5.2762,872.225
0.1619,0.2792,0.4035,0.3875,7.3969,7.0834,6.3018,878.503
0.1479,0.2779,0.4027,0.3874,7.7952,7.5522,6.9542,883.751
0.1311,0.2756,0.4012,0.3872,3.4961,4.0805,5.3322,888.064
0.1132,0.2747,0.4006,0.3871,0.7056,1.5359,3.4962,891.681
0.0882,0.2708,0.398,0.3867,-0.3784,0.3904,2.2985,891.681
0.0687,0.2701,0.3976,0.3867,-2.7663,-1.7495,0.7135,891.681
0.0535,0.2701,0.3976,0.3875,-0.5305,-0.0803,1.0767,891.681
0.0422,0.2667,0.3957,0.3871,0.7185,0.9692,1.6911,899.56
0.0329,0.2661,0.3978,0.3877,0.4641,0.8083,1.7556,901.411
0.0256,0.2617,0.3949,0.3871,1.3722,1.5628,2.1739,903.013
0.0199,0.2616,0.3971,0.3877,1.2262,1.5032,2.2622,904.745
0.0155,0.2576,0.3944,0.3872,2.5843,2.6538,2.9211,906.304
0.0121,0.2557,0.3931,0.3869,-0.7804,-0.0329,1.6597,906.304
0.0094,0.2542,0.3921,0.3867,-4.633,-3.4089,-0.5678,906.304
0.0073,0.2542,0.3921,0.3867,-4.4372,-3.4329,-1.1556,906.304
0.0057,0.2542,0.3949,0.3877,1.271,1.2552,1.31,912.765
0.0044,0.2523,0.3937,0.3875,-1.8388,-1.2935,-0.0085,912.765
0.0035,0.2826,0.4055,0.3877,-1.1064,-0.7037,0.2607,912.765
0.0027,0.2804,0.4043,0.3875,0.8642,0.9219,1.1425,914.11
0.0021,0.2804,0.4043,0.3899,-1.0819,-0.685,0.3022,914.11
0.7804,0.2826,0.4055,0.3947,1.9143,1.8229,1.7209,679.051
1.1254,0.2826,0.4055,0.3929,0.8771,1.0987,1.7582,723.085
1.1646,0.2802,0.4042,0.3902,0.4654,0.7684,1.6176,772.138
0.907,0.2825,0.4055,0.39,-0.1139,0.2788,1.3248,772.138
0.7064,0.2824,0.4054,0.3899,0.0402,0.3797,1.2972,772.138
0.7226,0.282,0.4052,0.3885,0.4997,0.759,1.4961,804.566
0.5628,0.2819,0.4051,0.3884,-0.0632,0.3107,1.3138,804.566
0.4383,0.281,0.4047,0.3882,-1.2538,-0.696,0.7111,804.566
0.3413,0.278,0.4035,0.3878,-1.147,-0.6672,0.5364,804.566
0.2658,0.2768,0.403,0.3876,-0.5318,-0.1771,0.7343,804.566
0.207,0.2758,0.4026,0.3876,-1.8723,-1.2755,0.1814,804.566
0.1612,0.2746,0.4018,0.3875,-1.1398,-0.7234,0.3047,804.566
0.2165,0.2736,0.4012,0.3874,0.8483,0.9356,1.2334,836.871
0.2399,0.2807,0.4046,0.3875,1.9725,1.9606,2.0777,849.657
0.2424,0.2824,0.4052,0.3875,1.3847,1.5609,2.1411,860.076
0.2388,0.2814,0.4049,0.3876,0.3262,0.6958,1.7187,863.955
0.1859,0.2797,0.4043,0.3875,-0.3624,0.0883,1.2755,863.955
0.1448,0.2793,0.4042,0.3875,-2.3238,-1.5841,0.2256,863.955
0.1128,0.2793,0.4042,0.3875,-2.8706,-2.1453,-0.4184,863.955
0.0878,0.2771,0.4027,0.3873,-0.3584,-0.0969,0.5788,863.955
0.1158,0.2771,0.4027,0.3877,0.8665,0.9289,1.1624,865.725
0.0902,0.2764,0.4023,0.3877,-0.5721,-0.1607,0.8989,865.725
0.0702,0.2764,0.4023,0.3877,-0.7795,-0.3549,0.7233,865.725
0.0547,0.2759,0.402,0.3876,-0.3268,0.0041,0.8661,865.725
0.0723,0.2826,0.4055,0.3877,0.5458,0.7428,1.3122,878.137
0.0842,0.2822,0.4053,0.3877,0.6668,0.887,1.5328,879.357
0.0656,0.2819,0.4051,0.3877,-0.5525,-0.1015,1.0729,879.357
0.0511,0.2816,0.405,0.3876,-1.306,-0.7697,0.5758,879.357
0.0398,0.2813,0.4049,0.3876,-1.0944,-0.644,0.486,879.357
0.031,0.2813,0.4049,0.3876,-0.2576,0.0389,0.8184,879.357
0.0241,0.281,0.4047,0.3876,0.145,0.4038,1.1124,879.357
0.0188,0.28,0.4042,0.3875,-0.5958,-0.1826,0.8852,879.357
0.0146,0.2778,0.403,0.3873,-1.0587,-0.5873,0.6002,879.357
0.0114,0.2749,0.403,0.3873,-1.1567,-0.6965,0.4504,879.357
0.0123,0.2665,0.4016,0.3871,0.3565,0.5443,1.0756,897.402
0.0103,0.2674,0.401,0.387,0.2529,0.5188,1.25,899.469
0.008,0.2682,0.4006,0.3869,0.056,0.3761,1.2369,899.469
0.0062,0.2676,0.4,0.3868,-0.1116,0.239,1.1682,899.469
0.0049,0.267,0.4,0.3868,0.1201,0.4271,1.2564,899.469
0.0038,0.2668,0.3994,0.3867,0.2899,0.578,1.3698,905.906
0.0029,0.2657,0.3976,0.3863,0.3442,0.6363,1.4422,907.488
0.0023,0.2647,0.3957,0.386,0.4679,0.749,1.5331,909.137
0.0018,0.2652,0.3946,0.3857,0.7351,0.9827,1.696,910.782
0.0014,0.2633,0.3964,0.3855,0.6962,0.9695,1.7468,912.381
0.0011,0.262,0.3956,0.3853,0.6842,0.9921,1.7839,913.996
0.0008,0.262,0.3956,0.3853,0.6544,0.9746,1.7936,915.569
0.0007,0.2605,0.3945,0.3851,0.2415,0.6351,1.617,915.569
0.0005,0.2601,0.3942,0.3851,0.3079,0.6658,1.5833,918.656
0.0004,0.2598,0.3941,0.385,0.7253,1.0087,1.7597,920.182
0.0003,0.2593,0.3937,0.385,0.6302,0.9564,1.7855,921.698
0.0002,0.2577,0.3927,0.3848,0.7147,1.0291,1.8374,923.215
0.0002,0.2565,0.3918,0.386,1.4508,1.6472,2.1956,924.766
0.0001,0.255,0.391,0.3858,2.0098,2.1636,2.5942,926.303
0.0001,0.2516,0.3891,0.3854,2.3728,2.5218,2.9273,927.876
0.0001,0.2493,0.403,0.3875,2.4843,2.6637,3.1275,929.559
0.0001,0.2453,0.4001,0.3869,2.2412,2.4935,3.1165,931.167
0.0001,0.258,0.4055,0.3877,2.6882,2.8645,3.3357,932.807
0.0184,0.2815,0.4049,0.3876,3.5904,3.6448,3.8451,886.297
0.3621,0.28,0.4043,0.391,3.4629,3.6131,4.004,757.954
0.4875,0.2754,0.4028,0.3889,2.308,2.6772,3.5665,794.453
0.5116,0.2706,0.4001,0.3873,1.4801,1.9305,3.0419,818.348
0.4965,0.268,0.3982,0.3875,2.8301,2.982,3.4571,832.386
0.4634,0.2639,0.3956,0.387,1.4124,1.8727,2.9723,846.081
0.4207,0.2569,0.391,0.3861,2.3481,2.5745,3.2096,857.24
0.374,0.2534,0.3887,0.3856,1.6575,2.0443,2.9863,866.459
0.3269,0.2487,0.3855,0.385,1.4001,1.7971,2.782,873.856
0.2817,0.2431,0.3817,0.3842,3.3632,3.3914,3.5848,880.011
0.2393,0.2345,0.376,0.383,5.4259,5.2144,4.8261,885.145
0.2003,0.2337,0.3755,0.3851,9.7236,8.9318,7.2635,889.559
0.1654,0.2268,0.3707,0.3841,9.6337,9.2209,8.2289,892.874
0.134,0.2206,0.3664,0.3831,8.698,8.5886,8.2752,896.076
0.106,0.2143,0.362,0.3821,7.3977,7.5387,7.7993,898.789
0.0825,0.2137,0.3615,0.3828,6.2051,6.5058,7.1447,901.091
0.0643,0.2134,0.3614,0.385,3.0113,3.8067,5.4959,902.712
0.0501,0.2113,0.36,0.3864,3.4797,3.9455,5.0599,904.291
0.039,0.2823,0.4054,0.3877,5.3768,5.4418,5.7059,906.056
0.0304,0.2756,0.4023,0.3871,4.5264,4.8185,5.5353,907.622
0.0236,0.2694,0.3984,0.3866,3.8429,4.2186,5.1492,909.507
0.0184,0.2606,0.3926,0.3857,4.4799,4.6928,5.2797,911.267
0.0143,0.2533,0.3879,0.3847,6.3136,6.2338,6.1493,913.161
0.0112,0.2435,0.3814,0.3834,8.3345,8.0302,7.3987,914.998
0.0087,0.2294,0.3719,0.3814,9.8344,9.4453,8.5819,916.94
0.0068,0.2281,0.371,0.3832,10.9723,10.5494,9.5985,919.401
0.0053,0.2274,0.3705,0.3871,11.5824,11.2046,10.3334,920.993
0.0041,0.2177,0.364,0.3856,10.778,10.6596,10.3314,922.55
0.0032,0.212,0.3988,0.3868,11.1583,10.9767,10.5668,924.922
0.0025,0.2137,0.4052,0.3877,7.4089,7.9588,9.0334,926.943
0.0019,0.216,0.4046,0.3876,6.374,6.8776,7.9971,928.453
0.0015,0.2182,0.4028,0.3872,7.8445,7.9368,8.2419,930.0
0.0012,0.2111,0.3968,0.3861,6.9156,7.2202,7.8978,931.717
0.0009,0.2067,0.3929,0.3854,4.7472,5.39,6.7772,933.842
0.0007,0.1986,0.3863,0.384,5.0462,5.4621,6.4497,935.704
0.0006,0.1916,0.3807,0.3829,5.5964,5.8685,6.5319,937.952
0.0004,0.1879,0.3777,0.3841,7.8434,7.7055,7.5301,940.104
0.0003,0.1734,0.3669,0.3818,9.5402,9.2351,8.6592,941.919
0.0003,0.1608,0.3574,0.3797,11.2581,10.7876,9.8722,945.287
0.0002,0.1552,0.3535,0.3832,14.0963,13.2471,11.6298,950.109
0.0002,0.1538,0.3524,0.3836,14.7394,14.0482,12.6717,953.121
0.0001,0.232,0.4018,0.3871,15.4104,14.7597,13.4673,954.896
0.0001,0.2587,0.4046,0.3876,15.0268,14.6597,13.7483,957.309
0.0001,0.2462,0.3951,0.3858,14.0526,13.9146,13.5036,958.922
0.0001,0.2348,0.3864,0.3841,13.1688,13.1581,13.0722,962.907
0.0,0.2342,0.386,0.3866,12.1352,12.2545,12.4796,966.828
0.0,0.2259,0.3798,0.3854,11.5222,11.671,11.9924,968.296
0.0,0.2186,0.3745,0.3843,10.1315,10.4637,11.179,971.661
0.0,0.2119,0.3695,0.3832,9.7984,10.0721,10.6996,974.916
0.0,0.2059,0.3649,0.3822,9.4468,9.7163,10.329,977.96
0.0,0.1999,0.3605,0.3812,9.3346,9.5675,10.103,980.862
0.0,0.1906,0.3537,0.3796,9.4872,9.6552,10.0516,983.769
0.0,0.19,0.3533,0.3842,7.7994,8.2749,9.2559,987.71
0.0,0.188,0.3518,0.385,6.3769,6.9895,8.2832,989.125
0.0,0.1826,0.3477,0.384,5.9655,6.5022,7.6761,990.71
0.0,0.1797,0.3456,0.3846,6.3961,6.7559,7.5755,992.171
0.0,0.1704,0.3389,0.383,6.7889,7.0527,7.6574,993.406
0.0,0.1651,0.3351,0.382,7.0765,7.2931,7.7784,995.279
0.0,0.1554,0.3283,0.3803,8.1749,8.1881,8.2802,996.765
0.0,0.1552,0.328,0.3803,13.3946,12.4308,10.7364,998.728
0.0,0.2807,0.4041,0.3875,15.4143,14.4556,12.6153,999.667
0.0,0.2764,0.4023,0.3873,14.8804,14.4349,13.2676,1000.605
0.0,0.2713,0.3992,0.3868,13.385,13.2827,12.9256,1001.543
0.0,0.2674,0.3974,0.3865,13.001,12.9235,12.6949,1002.48
0.0,0.2755,0.4049,0.3876,13.6615,13.4528,12.9562,1003.416
0.0,0.2712,0.403,0.3873,14.3303,14.0583,13.398,1004.351
0.0,0.2718,0.4047,0.3876,13.7929,13.6797,13.3568,1005.284
0.0,0.2808,0.4043,0.3876,11.988,12.1779,12.5518,1006.218
0.0,0.2792,0.4031,0.3874,11.5057,11.6643,12.0391,1007.15
0.0,0.2719,0.398,0.3867,10.7598,10.9793,11.4989,1008.081
0.2708,0.2819,0.4055,0.3902,9.9563,10.238,10.9097,776.527
0.6699,0.2823,0.4055,0.3924,8.0128,8.5369,9.7736,734.381
0.7867,0.2815,0.4055,0.3901,8.1855,8.5152,9.3747,778.046
0.7876,0.2763,0.4039,0.3886,7.8995,8.2215,9.0403,803.775
0.7379,0.2729,0.4017,0.3874,8.1087,8.342,8.9586,821.1
0.6687,0.2678,0.3982,0.3869,8.7962,8.8958,9.1976,834.947
0.5944,0.2599,0.3925,0.3861,9.6325,9.6184,9.6386,848.052
0.5207,0.2513,0.3868,0.3853,10.8419,10.6778,10.3411,858.666
0.4506,0.2443,0.3827,0.3847,12.018,11.7469,11.1454,867.325
0.3858,0.2339,0.3761,0.3839,12.704,12.4265,11.7852,874.429
0.3271,0.2241,0.3701,0.3827,14.1137,13.6775,12.6993,880.285
0.2747,0.2123,0.364,0.3816,15.5633,15.0032,13.7463,885.132
0.2284,0.198,0.3567,0.3801,16.9536,16.2951,14.8279,889.155
0.1878,0.182,0.3492,0.3785,17.8712,17.2019,15.7213,892.503
0.1525,0.181,0.3487,0.3797,19.3952,18.5663,16.8138,895.297
0.1219,0.1663,0.3422,0.3783,20.2084,19.4083,17.6877,897.631
0.0955,0.1501,0.3354,0.377,20.7726,19.9916,18.3571,899.584
0.0744,0.1475,0.3332,0.3862,21.8544,20.9488,19.165,901.221
0.0579,0.1465,0.3321,0.3866,20.0468,19.6608,18.7928,902.787
0.0451,0.1664,0.4018,0.3872,19.4048,19.0971,18.4405,904.347
0.0351,0.154,0.3934,0.3861,17.6986,17.7067,17.6153,905.902
0.0274,0.1456,0.3864,0.3851,16.2095,16.388,16.6569,907.452
0.0213,0.1411,0.3776,0.3838,15.437,15.621,15.934,908.997
0.0166,0.138,0.3688,0.3825,15.4558,15.5155,15.6262,910.536
0.0129,0.2048,0.4039,0.3875,17.4315,17.0178,16.3186,912.071
0.0101,0.2676,0.4018,0.3872,16.7983,16.6626,16.3154,913.6
0.0078,0.25,0.3931,0.3861,16.8261,16.6855,16.3245,915.124
0.0061,0.2286,0.3821,0.3846,17.5184,17.2551,16.6357,916.642
0.0048,0.208,0.3711,0.383,18.2871,17.9267,17.0977,918.156
0.0037,0.2085,0.4027,0.3874,20.0835,19.4534,18.0823,919.664
0.0029,0.2685,0.3984,0.3868,20.7225,20.1308,18.7822,921.932
0.0022,0.2616,0.395,0.387,21.6532,21.0417,19.5352,924.91
0.0017,0.2382,0.3824,0.3853,21.5092,21.0305,19.806,927.346
0.0014,0.2221,0.3732,0.3838,21.7019,21.2195,20.0396,934.891
0.0011,0.2024,0.3625,0.3822,21.9532,21.4584,20.2817,940.797
0.0008,0.1791,0.3495,0.38,22.3917,21.8459,20.6022,948.227
0.0006,0.1766,0.348,0.3801,21.92,21.4999,20.543,956.903
0.0005,0.1562,0.3366,0.3781,21.4664,21.1268,20.3511,959.026
0.0004,0.1354,0.325,0.376,20.5373,20.3433,19.8824,966.878
0.0003,0.1331,0.3122,0.3738,20.3608,20.1139,19.6192,974.861
0.0002,0.1328,0.3103,0.3766,20.2446,19.9781,19.4579,990.147
0.0002,0.1325,0.3091,0.3767,20.7333,20.3328,19.593,991.807
0.0001,0.1306,0.2941,0.3739,21.0803,20.6287,19.7881,993.162
0.0001,0.1302,0.2917,0.3734,23.1004,22.2385,20.7202,999.97
0.0001,0.1296,0.2865,0.3723,20.973,20.7416,20.2042,1001.78
0.0001,0.1284,0.2744,0.37,18.7648,18.9148,19.0741,1004.683
0.0001,0.1271,0.2608,0.3672,18.8133,18.7538,18.6322,1010.222
0.0,0.1269,0.259,0.3728,21.3386,20.6483,19.4911,1016.389
0.0,0.1256,0.2481,0.3691,21.786,21.1488,20.0067,1018.317
0.0,0.1249,0.2464,0.3827,22.8878,22.0864,20.6778,1027.015
0.0,0.1237,0.2428,0.3782,24.0465,23.0996,21.4546,1031.282
0.0,0.123,0.2409,0.3749,24.723,23.7666,22.0876,1042.579
0.0,0.1226,0.2404,0.3739,25.4532,24.4516,22.6951,1050.941
0.0,0.122,0.239,0.3708,23.8497,23.3288,22.3239,1053.644
0.0,0.1214,0.2381,0.3687,22.0096,21.8414,21.4471,1061.276
0.0,0.1209,0.2372,0.366,19.5982,19.8233,20.1007,1066.194
0.0,0.1207,0.2369,0.3709,19.7096,19.6672,19.5814,1072.722
0.0,0.1202,0.2362,0.3747,21.6597,21.0827,20.1432,1075.065
0.0,0.1198,0.2355,0.3749,23.401,22.5253,21.0642,1078.885
0.0,0.1196,0.254,0.3863,24.3167,23.3935,21.8166,1084.783
0.0,0.1431,0.4017,0.387,24.3026,23.5186,22.1487,1088.277
0.0,0.1625,0.4008,0.3867,22.0272,21.8612,21.3984,1089.995
0.0,0.1866,0.4034,0.3873,19.9263,20.0586,20.1999,1091.703
0.0,0.2753,0.4009,0.3867,19.712,19.6935,19.6227,1092.839
0.0,0.2758,0.4015,0.3867,21.5651,21.1588,20.2166,1094.093
0.0,0.2809,0.4045,0.3875,22.6198,22.1212,20.8989,919.577
0.0257,0.2734,0.4001,0.3864,22.4925,22.1068,21.0959,880.98
0.4981,0.2779,0.4029,0.3919,22.8958,22.4615,21.3617,730.62
1.4479,0.2779,0.4027,0.3952,24.0788,23.4835,22.0163,639.199
2.4128,0.2796,0.4038,0.3962,22.8375,22.5485,21.7268,610.91
2.7385,0.2792,0.4036,0.3946,21.148,21.1024,20.8712,666.993
2.5024,0.2664,0.3971,0.3899,21.2713,21.0855,20.6016,753.058
2.1118,0.2502,0.3868,0.3861,21.4903,21.2324,20.582,807.674
1.7405,0.2287,0.3729,0.3827,21.7299,21.4226,20.6636,833.751
1.4266,0.2164,0.365,0.3807,19.6661,19.7283,19.752,849.754
1.1644,0.2138,0.3632,0.3866,19.8028,19.6972,19.4421,861.609
0.948,0.197,0.3523,0.3838,20.8213,20.4855,19.7484,870.055
0.7662,0.181,0.342,0.3812,22.3681,21.7802,20.5242,879.365
0.6139,0.1637,0.3308,0.3783,23.1634,22.5257,21.1634,887.166
0.4861,0.1485,0.3211,0.3757,22.7626,22.2815,21.2412,893.979
0.3795,0.138,0.3042,0.3715,22.734,22.2517,21.2701,899.317
0.2955,0.1372,0.3001,0.3793,22.7351,22.246,21.2894,913.617
0.2302,0.1339,0.2813,0.3747,23.1285,22.5591,21.4793,919.208
0.1792,0.132,0.2659,0.3709,21.634,21.4166,20.9261,939.867
0.1396,0.1306,0.2532,0.3678,19.9424,19.9904,19.9885,957.594
0.1087,0.1297,0.2498,0.3654,19.0841,19.1542,19.2323,972.616
0.0847,0.1295,0.2492,0.3658,18.3445,18.4424,18.5802,987.126
0.0659,0.1283,0.2459,0.3623,19.3184,19.0823,18.6818,991.063
0.0514,0.1273,0.2436,0.359,19.8223,19.488,18.8907,998.975
0.04,0.1265,0.2419,0.356,21.3564,20.7118,19.5905,1006.695
0.0311,0.1263,0.2742,0.3868,22.0745,21.3907,20.1637,1013.875
0.0243,0.1256,0.2654,0.3845,22.2072,21.5882,20.4721,1016.271
0.0189,0.1252,0.258,0.3847,23.8613,22.9254,21.3103,1020.518
0.0147,0.1248,0.2553,0.3838,23.6591,22.9243,21.5947,1024.259
0.0115,0.1243,0.307,0.386,24.2302,23.4195,21.9863,1027.168
0.0089,0.1238,0.2967,0.3835,24.4317,23.6662,22.2878,1030.577
0.007,0.1235,0.2921,0.3828,24.8801,24.0729,22.6331,1035.369
0.0054,0.1228,0.2787,0.3795,24.0962,23.5343,22.4786,1038.004
0.0042,0.1222,0.2644,0.376,22.3354,22.1423,21.7016,1044.033
0.0033,0.1218,0.2585,0.3755,21.3042,21.2035,20.9617,1050.405
0.0026,0.1213,0.2531,0.3732,21.0166,20.8499,20.528,1053.557
0.002,0.1212,0.2525,0.3727,21.5022,21.1465,20.5279,1058.396
0.0016,0.1206,0.2478,0.3692,22.3464,21.797,20.8544,1060.06
0.0012,0.1203,0.2459,0.3669,22.0545,21.6257,20.8479,1067.977
0.0009,0.1197,0.2435,0.3634,22.389,21.877,20.9772,1073.578
0.0007,0.1192,0.242,0.3607,22.3949,21.9039,21.028,1081.564
0.0006,0.1187,0.2406,0.3579,23.1323,22.4816,21.3555,1087.641
0.0004,0.1183,0.2394,0.355,23.4236,22.7675,21.6139,1094.218
0.0003,0.1181,0.2391,0.3543,24.2903,23.4847,22.091,1101.137
0.0003,0.1176,0.2378,0.3508,24.2638,23.5539,22.2911,1103.203
0.0002,0.1175,0.2374,0.3711,24.1987,23.5416,22.3672,1111.489
0.0002,0.1173,0.2369,0.37,24.2915,23.6241,22.46,1115.142
0.0001,0.1171,0.2367,0.3776,24.3541,23.6946,22.5438,1118.716
0.0001,0.1168,0.2362,0.3799,24.302,23.6718,22.5746,1120.745
0.0001,0.1162,0.2352,0.3768,23.8517,23.3338,22.4158,1123.763
0.0001,0.1158,0.2346,0.3749,23.033,22.677,22.0204,1130.338
0.0,0.1155,0.2341,0.3733,21.8526,21.6974,21.3687,1134.664
0.0,0.1151,0.2336,0.3714,20.7935,20.7614,20.6482,1138.319
0.0,0.1151,0.2334,0.3822,19.5776,19.6905,19.8194,1142.66
0.0,0.115,0.2333,0.3829,19.9965,19.8503,19.6099,1144.506
0.0,0.1146,0.2328,0.3811,19.6429,19.5347,19.3304,1145.665
0.0,0.1141,0.2321,0.3787,19.755,19.556,19.2174,1149.574
0.0,0.1135,0.2313,0.376,20.1368,19.818,19.2899,1154.616
0.0,0.1132,0.231,0.3751,19.8111,19.5743,19.1557,1159.876
0.0,0.1129,0.2307,0.3739,19.269,19.1255,18.8536,1162.113
0.0,0.1127,0.2303,0.3729,18.7729,18.6825,18.5015,1164.769
0.0,0.1126,0.2301,0.3722,18.8457,18.6661,18.3597,1167.016
0.0,0.1126,0.2297,0.3711,19.3957,19.0554,18.5004,1168.802
0.0,0.1126,0.2485,0.3875,20.073,19.5956,18.8159,1171.058
0.0,0.1126,0.2665,0.3874,21.3421,20.6196,19.4634,1171.976
0.0,0.1126,0.2654,0.3868,21.1737,20.6173,19.6733,1173.083
0.0,0.1126,0.2646,0.3861,21.1917,20.6681,19.7829,1174.128
0.0,0.1126,0.2637,0.3854,21.3673,20.8262,19.9179,1174.988
0.0,0.1126,0.263,0.3849,21.6008,21.0345,20.0861,1175.868
0.0,0.1126,0.2621,0.3842,21.9456,21.3338,20.3138,1176.731
0.0,0.1126,0.2612,0.3834,21.8853,21.3349,20.3998,1177.623
0.0,0.2825,0.4055,0.3877,20.6037,20.374,19.9223,1155.658
0.0,0.2825,0.4055,0.3877,18.9957,19.0433,19.0632,1039.703
0.0,0.2813,0.4055,0.3877,17.8659,17.9834,18.2081,1040.604
0.0,0.2819,0.4055,0.3877,17.1719,17.2874,17.5351,1041.508
0.0,0.2782,0.4046,0.3877,16.7804,16.8659,17.0568,1042.407
0.0,0.2746,0.4018,0.3877,16.5827,16.6306,16.7369,1043.315
0.0,0.2708,0.3987,0.3873,17.1846,17.0798,16.8429,1044.22
0.0,0.2669,0.3955,0.3868,17.2906,17.1778,16.8938,1045.125
0.0,0.2628,0.3921,0.3861,17.3955,17.2644,16.9339,1046.023
0.0,0.2596,0.3894,0.3856,17.3805,17.2522,16.9231,1046.921
0.0,0.2817,0.4048,0.3877,17.4361,17.2925,16.9295,1047.819
0.0,0.2824,0.4055,0.3877,18.021,17.7809,17.1905,1048.712
0.0,0.2824,0.4055,0.3877,18.5072,18.2214,17.5067,1047.101
0.0,0.2801,0.4054,0.3877,18.4553,18.221,17.6065,1047.998
0.0,0.2732,0.4022,0.3877,18.6684,18.41,17.749,1048.895
0.0,0.2819,0.4049,0.3877,19.4374,19.0681,18.1617,1049.796
0.0,0.2824,0.4055,0.3877,19.4275,19.1232,18.3301,1018.208
0.0,0.2796,0.4054,0.3877,19.3178,19.0552,18.3613,1019.129
0.0,0.2797,0.404,0.3877,19.4089,19.1364,18.4305,1020.056
0.0,0.2809,0.4043,0.3877,20.1337,19.7515,18.8009,1020.98
0.0,0.277,0.4013,0.3876,20.4687,20.086,19.1106,1021.901
0.0,0.2764,0.4041,0.3876,19.6726,19.4675,18.885,1022.825
0.0,0.2721,0.4007,0.3871,19.3319,19.1526,18.6606,1023.745
0.0,0.2822,0.4052,0.3877,20.4312,20.0364,19.0824,1024.674
0.0,0.2822,0.4054,0.3877,19.1067,19.0028,18.649,1017.628
0.0,0.2806,0.4054,0.3877,17.2648,17.4054,17.6481,1018.556
0.0,0.2768,0.4044,0.3877,15.9735,16.1911,16.6648,1019.479
0.0,0.2751,0.403,0.3877,15.2884,15.4852,15.9427,1020.405
0.0,0.2719,0.4004,0.3875,15.0289,15.1667,15.4999,1021.327
0.0,0.2821,0.4055,0.3877,14.8436,14.9461,15.1942,1022.252
0.0,0.2788,0.405,0.3877,14.5031,14.6123,14.8723,1023.169
0.0,0.2824,0.4055,0.3877,12.9989,13.3097,14.0188,1024.096
0.079,0.2823,0.4055,0.3877,12.2662,12.5704,13.3097,844.589
0.5086,0.2826,0.4055,0.3923,12.577,12.7254,13.1268,736.761
0.6561,0.2818,0.4055,0.3901,12.4174,12.5626,12.9293,779.33
0.6828,0.2799,0.4053,0.3886,11.3816,11.665,12.3355,804.756
1.0657,0.2825,0.4055,0.3931,10.0104,10.4328,11.4399,720.056
1.953,0.2823,0.4055,0.3961,10.4802,10.69,11.2578,631.005
2.6965,0.2826,0.4055,0.3963,10.7066,10.8501,11.2364,624.352
2.5636,0.2812,0.4054,0.3924,10.6317,10.7768,11.149,733.484
2.262,0.2775,0.4041,0.3901,9.994,10.2263,10.7888,777.899
1.9361,0.2764,0.4032,0.3886,9.4523,9.7181,10.3699,803.922
1.6313,0.2726,0.4002,0.3876,8.6981,9.0272,9.8293,821.526
1.3637,0.2696,0.3977,0.3872,6.868,7.427,8.7505,835.397
1.1352,0.2685,0.3968,0.387,5.5712,6.1917,7.6971,848.429
0.9413,0.2667,0.3953,0.3867,4.7993,5.3971,6.8764,858.979
0.7778,0.2659,0.3946,0.3866,4.8588,5.3236,6.5136,867.59
0.6403,0.2643,0.3933,0.3864,5.0104,5.3899,6.37,874.656
0.525,0.2615,0.391,0.3859,6.7172,6.7739,7.0267,880.484
0.4286,0.2589,0.3889,0.3855,7.8768,7.822,7.7631,885.312
0.3481,0.2801,0.4036,0.3876,8.4526,8.395,8.2925,889.323
0.2808,0.2824,0.4055,0.3877,9.3303,9.1942,8.9014,892.658
0.2578,0.2826,0.4055,0.3877,8.1521,8.3,8.6172,871.46
0.6814,0.2826,0.4055,0.3926,4.4599,5.1865,6.8467,730.135
0.9012,0.2826,0.4055,0.3915,2.4701,3.283,5.257,752.864
0.9285,0.2823,0.4055,0.3896,2.1081,2.7626,4.4329,788.374
0.8771,0.2804,0.4054,0.3882,3.4736,3.7813,4.6668,810.624
1.3083,0.2826,0.4055,0.3937,6.7954,6.571,6.2038,703.867
1.3458,0.2821,0.4055,0.391,5.9199,6.0548,6.3662,762.791
1.2538,0.2804,0.4054,0.3892,5.0409,5.3309,6.0319,794.391
1.1186,0.2824,0.4055,0.3879,4.5205,4.8495,5.6712,814.709
0.9756,0.282,0.4054,0.3877,1.7731,2.515,4.2761,828.951
0.8412,0.28,0.4049,0.3877,0.8552,1.5505,3.2969,842.978
0.6551,0.2785,0.4041,0.3877,0.2903,0.9464,2.6145,842.978
0.5715,0.2825,0.4055,0.3877,1.5159,1.8653,2.8496,856.285
0.6968,0.2826,0.4055,0.39,2.1042,2.3824,3.1527,781.514
0.5427,0.2826,0.4055,0.3898,-0.1019,0.5821,2.2312,781.514
0.6126,0.2826,0.4055,0.3889,2.1501,2.3117,2.871,799.113
0.7633,0.2826,0.4055,0.3905,2.257,2.4961,3.1372,772.633
0.7803,0.2823,0.4055,0.3888,2.4915,2.7195,3.3337,800.335
1.1455,0.2826,0.4055,0.3931,3.2549,3.3786,3.7544,719.348
1.1879,0.282,0.4055,0.3906,4.1793,4.206,4.3403,770.252
1.4439,0.2826,0.4055,0.3929,5.5972,5.4671,5.2259,722.871
1.4131,0.2822,0.4055,0.3905,5.258,5.312,5.4409,772.03
1.9922,0.2826,0.4055,0.3952,3.657,4.0105,4.8328,662.326
1.9557,0.2822,0.4055,0.3918,4.8071,4.8824,5.147,745.605
1.7641,0.2811,0.4054,0.3898,2.912,3.3626,4.4206,784.407
1.3739,0.2806,0.4054,0.3896,0.604,1.3381,3.0976,784.407
1.07,0.2799,0.4052,0.3895,-0.2334,0.4565,2.19,784.407
1.5525,0.2824,0.4055,0.3943,1.4966,1.7692,2.5844,688.371
2.5735,0.2824,0.4055,0.3968,8.0067,7.2345,5.6493,601.545
2.4961,0.2815,0.4054,0.3927,7.6963,7.4136,6.692,727.964
2.2216,0.281,0.4054,0.3903,5.9477,6.0901,6.3579,774.786
1.9118,0.2792,0.4053,0.3888,5.2279,5.4455,5.9635,801.695
2.0375,0.2826,0.4055,0.3932,6.0649,6.0964,6.2298,717.36
2.4077,0.2823,0.4055,0.3949,8.2055,7.9227,7.3276,672.678
2.3597,0.2826,0.4055,0.3926,6.2656,6.473,6.8999,729.366
2.8872,0.2826,0.4055,0.3959,1.8969,2.7767,4.7846,640.584
2.6883,0.2824,0.4055,0.3922,2.1102,2.6561,4.0687,738.247
2.3504,0.2809,0.4054,0.39,1.833,2.3373,3.6296,780.201
2.0006,0.2802,0.4053,0.3885,0.8545,1.459,2.9694,805.316
1.6795,0.2796,0.4051,0.3877,0.881,1.3805,2.6802,822.252
1.308,0.2792,0.4049,0.3877,-0.7333,-0.0058,1.787,822.252
1.0187,0.2769,0.4037,0.3877,0.2439,0.6706,1.8383,822.252
1.296,0.2826,0.4055,0.3928,7.8337,6.9805,5.2578,725.896
1.5679,0.2822,0.4055,0.3932,8.1044,7.6978,6.6923,715.55
2.24,0.2825,0.4055,0.3958,6.9487,6.9189,6.7799,644.673
2.9189,0.2826,0.4055,0.3963,7.9432,7.7575,7.3393,624.49
2.8118,0.2826,0.4055,0.3931,6.2882,6.4763,6.8659,719.202
2.5222,0.2824,0.4055,0.391,5.0774,5.4064,6.1813,761.496
2.1728,0.2819,0.4055,0.3892,4.8477,5.1274,5.8367,793.573
2.2386,0.2826,0.4055,0.3932,6.0758,6.1071,6.2662,717.749
2.1126,0.2826,0.4055,0.3915,4.2705,4.6731,5.6117,753.18
1.8713,0.2826,0.4055,0.3895,1.1717,1.9989,3.9514,788.559
1.4573,0.2823,0.4055,0.3894,-0.5326,0.3452,2.5137,788.559
1.135,0.2809,0.4055,0.3893,-0.6033,0.0863,1.8716,788.559
0.8839,0.2806,0.4054,0.3891,-1.5436,-0.7864,1.1247,788.559
0.6884,0.2799,0.4052,0.3891,-3.825,-2.7786,-0.262,788.559
0.5361,0.2798,0.4052,0.3891,-5.2866,-4.1301,-1.4326,788.559
0.4175,0.2798,0.4052,0.3891,-4.0644,-3.1623,-1.0489,788.559
0.3252,0.2787,0.4044,0.3886,-0.0472,0.1587,0.7082,788.559
0.2532,0.2785,0.4042,0.3884,-0.8624,-0.5036,0.3959,788.559
0.1972,0.2783,0.404,0.3883,-0.7514,-0.4148,0.4332,788.559
0.2677,0.2782,0.4039,0.3877,0.5132,0.6364,1.004,825.103
0.296,0.2782,0.4039,0.3877,0.7945,0.879,1.1632,839.026
0.2306,0.2779,0.4037,0.394,-0.1941,0.0612,0.7318,839.026
0.1796,0.2773,0.4032,0.3937,-0.6611,-0.2709,0.7219,839.026
0.1398,0.2773,0.4032,0.3935,-0.4177,-0.0709,0.8231,839.026
0.1089,0.2772,0.4032,0.3933,-0.2042,0.1157,0.9539,839.026
0.3897,0.2766,0.4026,0.3906,0.4908,0.707,1.319,768.042
0.4954,0.2765,0.4026,0.3889,0.631,0.8615,1.5227,798.503
0.3858,0.2762,0.4024,0.3888,-0.1418,0.2426,1.2602,798.503
0.3005,0.2762,0.4024,0.3886,-0.952,-0.4535,0.8095,798.503
0.234,0.2762,0.4024,0.3885,-0.9369,-0.4856,0.6521,798.503
0.1822,0.2761,0.4023,0.3884,-1.1436,-0.6764,0.4889,798.503
0.1419,0.2705,0.4023,0.3882,-0.6653,-0.2982,0.6348,798.503
0.1105,0.2668,0.4023,0.3881,-1.7874,-1.2203,0.1658,798.503
0.0861,0.2569,0.4021,0.3881,-2.6819,-2.0129,-0.419,798.503
0.067,0.2421,0.4017,0.388,-1.562,-1.1104,-0.016,798.503
0.0522,0.2335,0.4012,0.3879,-2.083,-1.6032,-0.2876,798.503
0.0407,0.2224,0.4007,0.3879,-2.4319,-1.9087,-0.4768,798.503
0.0317,0.2098,0.4005,0.3878,-1.4974,-1.1222,-0.0693,798.503
0.0247,0.202,0.4,0.3877,-1.1614,-0.8354,0.0978,798.503
0.1031,0.2826,0.4055,0.3877,1.4252,1.3764,1.3214,841.376
0.2527,0.2822,0.4055,0.3886,0.4634,0.5685,0.9518,804.605
0.1968,0.2846,0.4055,0.3884,-0.5031,-0.1949,0.7901,804.605
0.1532,0.2809,0.4054,0.3883,-1.272,-0.8667,0.3838,804.605
0.1193,0.2731,0.4053,0.3882,-1.6384,-1.2155,0.0704,804.605
0.0929,0.2631,0.405,0.388,-0.8122,-0.5329,0.3394,804.605
0.0724,0.2578,0.4044,0.3879,-0.9708,-0.6518,0.348,804.605
0.0564,0.2515,0.4037,0.3876,-0.5907,-0.3239,0.5299,804.605
0.1428,0.2481,0.4037,0.3876,0.6944,0.8,1.2019,831.839
0.1887,0.2555,0.4055,0.3877,0.9073,1.0402,1.5489,845.552
0.2077,0.2608,0.4055,0.3877,1.1539,1.2867,1.8125,856.635
0.1618,0.2671,0.4051,0.3877,0.1093,0.4126,1.4384,856.635
0.126,0.2674,0.4048,0.3877,-1.181,-0.7246,0.7196,856.635
0.0981,0.2601,0.4044,0.3876,-1.423,-0.9912,0.3531,856.635
0.0764,0.2508,0.4032,0.3874,-0.1398,0.081,0.8119,856.635
0.6872,0.2825,0.4055,0.3938,2.0911,2.0403,2.012,703.44
1.0491,0.2821,0.4055,0.3929,2.0352,2.09,2.4157,723.78
1.2247,0.282,0.4055,0.3919,0.4498,0.7625,1.8466,744.865
0.9538,0.2845,0.4055,0.3919,-3.2806,-2.4873,-0.0815,744.865
0.9811,0.2693,0.4055,0.3897,1.1635,1.1871,1.3474,785.151
1.539,0.2826,0.4055,0.3947,3.5695,3.3103,2.6848,679.649
1.9916,0.2824,0.4055,0.3947,1.4917,1.6845,2.4355,676.886
1.551,0.2823,0.4055,0.396,0.1092,0.4894,1.741,676.886
1.2079,0.2822,0.4054,0.3957,-0.4953,-0.0255,1.258,676.886
0.9407,0.2777,0.4053,0.3955,-1.227,-0.6872,0.7392,676.886
0.7327,0.2697,0.4045,0.3953,-2.0851,-1.5336,0.0989,676.886
0.5706,0.2576,0.4045,0.395,-0.8645,-0.5487,0.414,676.886
0.8374,0.2526,0.4045,0.3917,0.4193,0.5708,1.0961,747.971
0.8886,0.2788,0.403,0.3895,1.5254,1.5759,1.8505,785.673
0.8623,0.2792,0.4029,0.3883,2.2129,2.2328,2.457,805.252
0.826,0.2803,0.4038,0.3881,1.6859,1.8364,2.4552,810.497
0.7827,0.2803,0.4037,0.3877,1.6831,1.8435,2.4894,815.665
0.747,0.2825,0.4055,0.3878,9.889,8.753,6.3016,816.394
2.7658,0.2824,0.4055,0.3977,10.1835,9.3657,7.8527,517.051
3.5609,0.2826,0.4055,0.3969,7.8824,7.8415,7.616,596.639
3.436,0.2815,0.4054,0.394,6.7095,6.8406,7.1036,697.55
3.0143,0.2776,0.4037,0.3911,6.1129,6.2906,6.7106,760.129
2.5583,0.278,0.4032,0.3893,5.8841,6.06,6.4992,792.899
2.1374,0.2766,0.4024,0.388,4.7705,5.1144,5.9358,813.714
1.7707,0.2753,0.4013,0.3877,2.9729,3.5452,4.9119,828.286
1.4615,0.273,0.3995,0.3877,2.2753,2.823,4.1904,842.295
1.2029,0.2701,0.3971,0.3874,3.2151,3.505,4.3098,854.002
0.9874,0.2663,0.3941,0.3869,4.4524,4.5503,4.8846,863.525
0.8083,0.2629,0.3913,0.3864,5.5827,5.5658,5.6011,871.326
0.6597,0.2813,0.4045,0.3877,6.7022,6.5916,6.3879,877.746
0.5366,0.2824,0.4055,0.3877,8.2742,8.0096,7.4284,883.028
0.4396,0.2823,0.4055,0.3877,8.1406,8.0475,7.8063,883.907
0.3582,0.28,0.4054,0.3877,8.1371,8.0978,7.9986,888.142
0.29,0.2818,0.4055,0.3877,8.8933,8.7596,8.462,891.672
0.233,0.2821,0.4055,0.3877,9.4187,9.27,8.9206,894.603
0.1854,0.2772,0.4054,0.3877,9.8406,9.6907,9.331,897.051
0.1455,0.28,0.4049,0.3877,9.3988,9.3865,9.3304,899.125
0.1133,0.2774,0.4028,0.3876,8.543,8.6791,8.9794,900.836
0.0883,0.2751,0.401,0.3875,7.1511,7.4786,8.2379,902.412
0.0687,0.2737,0.3999,0.3873,5.5833,6.0763,7.2476,903.984
0.0535,0.2723,0.3988,0.3871,3.9333,4.5692,6.1015,905.545
0.0417,0.2707,0.3975,0.3869,1.3487,2.2622,4.4482,907.1
0.0325,0.2693,0.3964,0.3874,4.7121,4.8145,5.2784,908.655
0.0253,0.2688,0.399,0.3877,5.1396,5.2939,5.7294,910.201
0.0197,0.2684,0.3985,0.3876,3.9236,4.3342,5.3182,911.737
0.0153,0.2639,0.3947,0.3869,1.6547,2.3839,4.1114,913.266
0.0119,0.2704,0.4046,0.3876,2.6176,3.0075,4.0552,914.812
0.0093,0.2708,0.4049,0.3876,3.8402,4.0145,4.5445,916.332
0.0072,0.2779,0.405,0.3876,5.2194,5.2236,5.3298,917.847
0.0056,0.2781,0.405,0.3877,6.7201,6.5763,6.3077,919.356
0.0044,0.2771,0.4046,0.3876,6.6197,6.6282,6.6543,920.86
0.0034,0.2793,0.4047,0.3876,6.1274,6.2648,6.5945,922.36
0.0027,0.2764,0.4024,0.3872,5.5983,5.8187,6.3593,923.855
0.0021,0.2814,0.4048,0.3877,6.0323,6.1507,6.4851,925.357
0.0016,0.2812,0.4055,0.3877,7.1383,7.0928,7.0479,926.842
0.2356,0.2821,0.4055,0.3897,8.5869,8.3799,7.9391,786.224
0.3879,0.2824,0.4055,0.3892,9.4358,9.2129,8.6951,794.778
0.4436,0.2789,0.4054,0.3879,9.4855,9.3623,9.0516,814.944
0.4487,0.2803,0.4044,0.3877,9.9834,9.8291,9.4631,829.424
0.4301,0.2749,0.4003,0.3876,9.5403,9.5264,9.4663,843.467
0.3982,0.2806,0.404,0.3877,8.6655,8.805,9.111,854.963
0.3596,0.2768,0.4011,0.3874,7.8326,8.0671,8.6226,864.307
0.3184,0.2752,0.3999,0.3874,7.0447,7.3497,8.0878,871.964
0.2775,0.2748,0.4038,0.3877,7.2448,7.4438,7.9685,878.254
0.2384,0.2695,0.3995,0.387,7.8159,7.9039,8.1689,883.448
0.202,0.2651,0.3957,0.3863,8.6372,8.614,8.6096,887.795
0.1687,0.259,0.3906,0.3853,10.2301,9.996,9.5023,891.394
0.1388,0.2808,0.4041,0.3875,13.7911,13.0715,11.4749,894.426
0.1122,0.2754,0.4,0.3868,13.8295,13.401,12.3053,896.915
0.0886,0.2723,0.3976,0.3864,12.7231,12.593,12.1915,899.023
0.069,0.2692,0.3952,0.386,12.0088,11.9891,11.891,900.767
0.0538,0.2657,0.3924,0.3854,11.1793,11.2693,11.4454,902.349
0.0419,0.2657,0.3924,0.3866,11.7008,11.6464,11.536,903.932
0.0326,0.2644,0.396,0.3875,11.9604,11.8828,11.702,905.489
0.0254,0.2619,0.3967,0.3873,12.5319,12.3824,12.0379,907.047
0.0198,0.2822,0.4055,0.3877,12.8708,12.7136,12.3374,908.607
0.0154,0.2793,0.4054,0.3877,13.4343,13.2292,12.732,910.154
0.2161,0.2822,0.4055,0.3892,12.89,12.8349,12.66,794.861
0.7158,0.2824,0.4055,0.3932,12.7703,12.7261,12.6018,717.564
0.8568,0.2786,0.4054,0.3906,12.6684,12.6376,12.5503,769.362
0.8592,0.2723,0.4005,0.3888,12.4388,12.4426,12.4372,798.522
0.7982,0.2699,0.4015,0.3874,12.6337,12.59,12.4885,819.416
0.7183,0.2646,0.3969,0.3866,13.1079,12.9929,12.7272,833.256
0.6351,0.2567,0.39,0.3853,13.9825,13.7525,13.2212,846.727
0.5539,0.252,0.3858,0.3845,14.69,14.4085,13.7438,857.638
0.4776,0.2458,0.3802,0.3834,15.6332,15.263,14.3937,866.523
0.4077,0.28,0.4035,0.3874,17.0577,16.5335,15.318,873.823
0.3448,0.2734,0.3985,0.3866,17.6249,17.1583,15.9875,879.799
0.289,0.2823,0.4055,0.3877,18.0152,17.5773,16.4735,884.783
0.2399,0.2758,0.4054,0.3877,17.96,17.6097,16.6939,888.865
0.2128,0.2821,0.4055,0.3877,17.923,17.6147,16.8125,880.839
0.185,0.2763,0.4048,0.3877,17.7883,17.5287,16.8412,885.595
0.158,0.282,0.4051,0.3877,18.5201,18.1457,17.2193,889.556
0.4863,0.2824,0.4055,0.3914,19.9888,19.4296,18.0652,754.492
0.602,0.277,0.4054,0.3895,20.2908,19.8047,18.5633,789.325
0.6203,0.2713,0.4007,0.3878,19.7054,19.3894,18.5339,811.47
0.5826,0.266,0.3963,0.387,19.1553,18.9309,18.3143,831.489
0.5316,0.2809,0.4042,0.3875,18.597,18.4421,18.006,845.279
0.9536,0.2824,0.4055,0.3931,19.2878,18.9809,18.2199,719.013
1.0783,0.2821,0.4055,0.3911,19.1353,18.8901,18.2428,760.747
1.0498,0.2773,0.405,0.3893,18.7664,18.5869,18.094,793.107
0.9622,0.271,0.3999,0.3878,18.5529,18.3889,17.9464,813.875
0.8507,0.2642,0.3943,0.3867,18.8474,18.6129,18.0242,830.287
0.7419,0.2565,0.3877,0.3855,19.3734,19.0601,18.2914,844.321
0.64,0.2512,0.3831,0.3856,19.9312,19.5579,18.6484,855.672
0.547,0.2451,0.3777,0.3844,20.2806,19.8961,18.9531,864.899
0.4637,0.2397,0.3728,0.3833,20.0673,19.762,18.9893,872.465
0.39,0.2367,0.37,0.3826,19.9922,19.7042,18.9857,878.685
0.3255,0.233,0.3665,0.3818,20.0528,19.7553,19.0249,883.805
0.2695,0.2284,0.3622,0.3806,20.2016,19.8847,19.1166,888.052
0.2211,0.2243,0.3584,0.3796,20.4443,20.0977,19.269,891.584
0.1794,0.2795,0.4047,0.3877,20.1834,19.906,19.2198,894.53
0.1437,0.2694,0.3973,0.3877,20.1154,19.8615,19.1944,896.99
0.1132,0.263,0.392,0.3868,19.7736,19.5733,19.0341,899.047
0.0881,0.2558,0.386,0.3856,19.6936,19.4832,18.9376,900.771
0.0686,0.2496,0.3806,0.3845,19.6829,19.4599,18.8929,902.338
0.6278,0.2821,0.4055,0.3934,19.935,19.6604,18.9852,712.732
1.533,0.2824,0.4055,0.3959,20.8949,20.4801,19.462,641.299
1.6325,0.2761,0.4055,0.3922,21.6031,21.1366,19.9729,738.471
1.5279,0.266,0.3973,0.3888,22.292,21.7786,20.4971,780.262
1.32,0.2584,0.3909,0.3866,22.7398,22.221,20.9233,819.031
1.1253,0.2525,0.3859,0.3856,22.6919,22.2407,21.0942,832.865
0.9526,0.2475,0.3814,0.3847,22.2475,21.898,20.9894,846.373
0.8017,0.2417,0.3762,0.3836,22.102,21.7644,20.9075,857.302
0.671,0.2365,0.3715,0.3825,22.106,21.7582,20.8928,866.209
0.5588,0.2317,0.3674,0.3815,22.5307,22.107,21.0875,873.511
0.4629,0.2261,0.3622,0.3802,22.8611,22.4078,21.3195,879.528
0.3813,0.2224,0.3588,0.3793,22.8436,22.4257,21.4118,884.503
0.3122,0.2182,0.3553,0.3783,22.8686,22.4589,21.4717,888.632
0.2536,0.2143,0.3521,0.3774,22.9565,22.5397,21.5457,892.068
0.2042,0.2102,0.3485,0.3764,22.913,22.5151,21.565,894.932
0.1626,0.2077,0.3464,0.3758,22.4963,22.1765,21.3947,897.326
0.1275,0.204,0.3432,0.3748,22.1819,21.8936,21.1936,899.328
0.0993,0.1988,0.3393,0.3737,22.1945,21.8732,21.1197,901.007
0.0773,0.1954,0.3596,0.3871,22.5991,22.19,21.2647,902.573
0.0602,0.1895,0.3545,0.3858,22.9615,22.5051,21.4839,904.135
0.0469,0.1833,0.3494,0.3845,23.021,22.5823,21.5961,906.326
0.0365,0.1766,0.3444,0.3833,23.1507,22.6992,21.701,908.654
0.0284,0.2389,0.403,0.3874,23.4746,22.9723,21.8891,911.103
0.4949,0.2798,0.4047,0.3924,23.7454,23.2749,22.1289,731.665
0.6521,0.2645,0.3992,0.3899,23.7257,23.3111,22.2343,777.61
0.6735,0.2645,0.3987,0.3875,23.718,23.3147,22.2817,806.754
0.6235,0.2527,0.3911,0.3863,23.2075,22.9008,22.0813,831.825
0.5625,0.2385,0.3821,0.3848,22.9222,22.6327,21.8804,845.939
0.4973,0.225,0.3739,0.3834,22.8038,22.5028,21.747,857.638
0.4324,0.2104,0.3651,0.3818,22.9984,22.6384,21.775,867.28
0.3704,0.1988,0.3578,0.3804,22.8138,22.4845,21.6935,875.331
0.313,0.1875,0.3507,0.379,22.693,22.3659,21.5995,881.785
0.2601,0.1849,0.349,0.3869,22.0165,21.7956,21.2539,887.798
0.2133,0.2334,0.4019,0.3872,22.0026,21.7262,21.1038,891.946
0.1901,0.2798,0.4043,0.3875,21.7943,21.556,20.9548,882.221
0.1657,0.2641,0.399,0.3867,21.6161,21.3962,20.8087,886.781
0.1414,0.2462,0.3886,0.3849,21.6467,21.3953,20.7499,890.733
0.1179,0.235,0.3818,0.384,22.0147,21.6837,20.876,894.124
0.0959,0.2166,0.3701,0.3818,22.448,22.0529,21.1067,896.883
0.0747,0.2121,0.3671,0.382,22.8119,22.3739,21.3489,900.183
0.0582,0.2501,0.4001,0.3868,23.1897,22.7151,21.6135,902.088
0.0453,0.2475,0.4007,0.3874,23.2754,22.8484,21.7814,904.175
0.0353,0.2303,0.3888,0.3851,23.4173,22.9888,21.9226,905.925
0.0275,0.2121,0.3762,0.3826,23.034,22.6866,21.8116,908.964
0.0214,0.275,0.4009,0.3868,22.3091,22.0682,21.4483,912.268
0.0167,0.2722,0.4006,0.3868,22.5045,22.1986,21.4134,914.501
0.013,0.2552,0.3901,0.3847,22.4868,22.1813,21.3881,916.745
0.0101,0.2398,0.3804,0.3827,21.7781,21.5851,21.049,919.861
0.0079,0.223,0.3694,0.3804,21.171,21.0292,20.6343,922.882
0.0061,0.2047,0.3576,0.3779,21.2679,21.0433,20.5001,928.109
0.0048,0.1872,0.3465,0.3755,21.536,21.2354,20.5443,934.565
0.0037,0.1757,0.3562,0.386,21.8677,21.5,20.6862,941.164
0.0029,0.2421,0.3987,0.3864,22.9823,22.4096,21.2212,946.052
0.0023,0.2249,0.3869,0.3841,22.95,22.5189,21.4512,950.322
0.0018,0.2051,0.3735,0.3814,23.1537,22.7072,21.6355,956.602
0.0014,0.1895,0.3629,0.3792,23.4817,22.9909,21.8587,963.839
0.0011,0.2715,0.3994,0.3867,24.3219,23.6969,22.3257,969.994
0.0008,0.2775,0.4029,0.3872,24.8253,24.2478,22.7953,971.87
0.0006,0.2611,0.3953,0.3857,23.8063,23.4722,22.5401,973.489
0.0005,0.2459,0.3859,0.3838,22.771,22.5717,21.9919,975.587
0.0004,0.2315,0.377,0.382,21.6804,21.5917,21.2938,977.661
0.0003,0.2273,0.3742,0.3817,20.4241,20.4559,20.4475,979.721
0.0002,0.2252,0.3729,0.3816,20.1042,20.0679,19.9499,981.232
0.0002,0.2136,0.3656,0.38,19.5714,19.556,19.4799,982.633
0.0001,0.1999,0.3571,0.3782,19.6792,19.568,19.3037,984.881
0.0001,0.1865,0.3487,0.3763,19.6185,19.4843,19.1661,987.555
0.0001,0.1711,0.3392,0.3742,19.496,19.3533,19.0208,990.203
0.0001,0.1557,0.3296,0.372,19.6566,19.4484,19.0013,991.699
0.0001,0.279,0.4036,0.3873,20.7921,20.3395,19.4583,993.206
0.0,0.2728,0.4019,0.387,21.5583,21.1153,20.0192,994.211
0.0,0.27,0.4003,0.3871,21.7278,21.3292,20.3118,995.268
0.0,0.2651,0.3972,0.3869,20.6931,20.508,19.9653,996.247
0.0,0.2522,0.389,0.3855,20.1556,20.0102,19.5978,997.256
0.0,0.2378,0.3801,0.3837,20.1494,19.9526,19.4511,998.367
0.0,0.2189,0.3683,0.3812,20.5539,20.2629,19.5661,999.521
0.0,0.2086,0.362,0.3798,20.2939,20.0596,19.4809,1000.75
0.0,0.1917,0.3513,0.3775,20.2586,20.0114,19.4241,1002.016
0.0,0.2742,0.4003,0.3867,21.5005,21.0043,19.9432,1003.518
0.0,0.2558,0.389,0.3845,22.1222,21.6462,20.4601,1004.685
0.0,0.2419,0.3805,0.3827,21.4733,21.1723,20.371,1006.175
0.0,0.2327,0.3745,0.3815,20.9601,20.7287,20.1179,1007.551
0.0,0.2111,0.3608,0.3785,21.1415,20.8406,20.1093,1008.766
0.0,0.199,0.3533,0.3769,21.5297,21.1512,20.2759,1010.409
0.0,0.2805,0.4042,0.3875,21.9245,21.4925,20.515,1011.76
0.0,0.2755,0.4015,0.3871,22.1076,21.7211,20.7277,1012.744
0.0,0.2723,0.3999,0.3873,21.7223,21.4293,20.6442,1013.802
0.0,0.2594,0.392,0.3858,21.0217,20.8347,20.3038,1014.81
0.0,0.2465,0.3839,0.3841,20.3197,20.2029,19.8559,1016.135
0.0,0.2332,0.3753,0.3823,20.1484,19.9958,19.5973,1017.46
0.0,0.2118,0.3616,0.3794,20.5106,20.2544,19.6437,1018.796
0.0,0.2035,0.3856,0.3865,20.8367,20.5199,19.7872,1020.407
0.0,0.1979,0.3926,0.3869,20.3013,20.0998,19.5961,1021.611
0.0,0.2414,0.4046,0.3876,17.6824,17.9329,18.3457,1022.718
0.0,0.2287,0.3956,0.3858,17.069,17.2245,17.5569,1023.669
0.0,0.2138,0.3851,0.3838,17.1323,17.165,17.2402,1025.098
0.0,0.2017,0.3765,0.382,17.5069,17.4216,17.2375,1027.239
0.0,0.1913,0.3691,0.3804,17.9349,17.7623,17.3849,1029.276
0.0,0.1807,0.3618,0.3789,18.3554,18.1168,17.5977,1031.185
0.0,0.1792,0.3607,0.3849,19.1775,18.805,18.0241,1033.156
0.0,0.171,0.3551,0.3836,19.217,18.8995,18.203,1034.214
0.0,0.2783,0.4028,0.3872,19.3943,19.0618,18.3519,1035.978
0.0,0.2671,0.3958,0.3859,19.7374,19.4155,18.6029,1036.992
0.0,0.2589,0.3904,0.3848,18.0883,18.0805,17.9565,1038.401
0.0,0.2561,0.3885,0.385,15.7438,16.0427,16.6472,1039.814
0.0,0.268,0.4046,0.3876,15.9005,15.9852,16.1958,1040.922
0.0,0.2798,0.4037,0.3874,15.1369,15.2915,15.6357,1041.902
0.0,0.2775,0.4039,0.3874,14.0047,14.2637,14.8602,1042.903
0.0,0.2719,0.4003,0.3867,13.1554,13.4427,14.1274,1043.904
0.0,0.2628,0.3943,0.3856,12.5159,12.8041,13.5008,1045.077
0.0,0.2565,0.3901,0.3848,12.0555,12.329,12.993,1046.522
0.0,0.2513,0.3866,0.3841,12.371,12.5113,12.882,1047.847
0.0,0.2448,0.3822,0.3832,12.5561,12.6421,12.8693,1049.118
0.0,0.2393,0.3785,0.3824,12.1911,12.3307,12.6562,1050.506
0.0,0.2315,0.3733,0.3813,11.876,12.0321,12.3968,1051.854
0.0,0.2236,0.3679,0.3802,11.8323,11.9536,12.2454,1053.401
0.0,0.215,0.362,0.3789,12.3825,12.3796,12.4045,1054.974
0.0,0.2086,0.3577,0.3779,13.1779,13.0513,12.7989,1056.64
0.0,0.2046,0.355,0.3773,11.3868,11.6414,12.1383,1058.136
0.0,0.2022,0.3533,0.377,10.1383,10.5147,11.314,1059.399
0.0,0.1987,0.3509,0.3764,9.7099,10.0405,10.7775,1060.504
0.0,0.1917,0.3463,0.3754,10.7508,10.8075,10.9953,1061.725
0.0,0.184,0.3412,0.3742,12.2259,12.0387,11.7009,1063.313
0.0,0.1765,0.3361,0.373,12.7751,12.5865,12.2022,1064.97
0.0,0.1705,0.3321,0.3721,11.6384,11.7388,11.8994,1066.617
0.0,0.1683,0.3305,0.3717,11.3948,11.4907,11.6815,1068.115
0.0,0.1619,0.3262,0.3706,10.8608,11.0295,11.3614,1069.221
0.0,0.1567,0.3228,0.3698,10.9164,11.0241,11.2526,1070.759
0.0,0.1531,0.3203,0.3692,9.4246,9.8151,10.5474,1072.182
0.0,0.1512,0.3185,0.3687,8.1505,8.6798,9.6962,1073.433
0.0,0.1492,0.3163,0.3682,7.0772,7.6829,8.8599,1074.638
0.0,0.1477,0.3143,0.3677,6.6501,7.2017,8.2963,1076.024
0.0,0.1457,0.3109,0.3669,7.9575,8.1423,8.5848,1077.395
0.0,0.1431,0.3055,0.3656,10.0642,9.859,9.5643,1079.165
0.0,0.1419,0.3025,0.3649,11.4953,11.1506,10.55,1081.614
0.0,0.1413,0.3006,0.3748,13.8458,13.171,11.9652,1083.423
0.0,0.1409,0.2995,0.3791,15.1922,14.4732,13.1448,1084.919
0.0,0.1396,0.2952,0.3781,12.6535,12.674,12.5919,1086.104
0.0,0.1381,0.2894,0.3768,10.8485,11.157,11.6562,1088.43
0.0,0.1372,0.2854,0.3759,10.3686,10.6308,11.1039,1091.26
0.0,0.1371,0.2849,0.3797,10.624,10.7465,10.9908,1093.498
0.0,0.1368,0.3176,0.3874,11.8438,11.6892,11.4543,1094.513
0.0,0.136,0.3138,0.3865,12.841,12.5539,12.0612,1095.84
0.0,0.1357,0.3122,0.3871,12.5358,12.4178,12.1818,1097.964
0.0,0.1351,0.3088,0.3863,11.9151,11.9483,11.9797,1099.353
0.0,0.1341,0.3019,0.3848,12.5667,12.425,12.187,1101.402
0.0,0.1339,0.3012,0.3853,14.7843,14.2046,13.2232,1104.747
0.0,0.1332,0.2964,0.3842,14.8854,14.4722,13.7051,1105.814
0.0,0.1327,0.2931,0.3834,13.5673,13.5222,13.3728,1108.378
0.0,0.1319,0.2873,0.3821,12.1587,12.3626,12.67,1110.37
0.0,0.1314,0.2835,0.3812,11.0924,11.4097,11.9439,1113.287
0.0,0.1308,0.2783,0.38,12.2835,12.2166,12.1445,1115.455
0.0,0.1305,0.2751,0.3837,14.3277,13.8541,13.075,1118.21
0.0,0.1304,0.275,0.3842,10.3876,10.9419,11.7842,1120.189
0.0,0.1304,0.2748,0.3857,5.451,6.8441,9.1701,1121.072
0.0,0.1302,0.2731,0.3853,3.7781,5.069,7.3529,1121.957
0.0,0.1301,0.273,0.3874,2.9932,4.1323,6.1864,1123.383
0.0,0.1298,0.2703,0.3867,2.4463,3.4836,5.3638,1124.256
0.0,0.1294,0.2672,0.386,1.6929,2.7288,4.5965,1126.036
0.0,0.1292,0.2654,0.3855,0.443,1.5953,3.6503,1126.036
0.0,0.1289,0.2631,0.3849,-1.1027,0.1989,2.5102,1126.036
0.0,0.1288,0.262,0.3847,-2.45,-1.0759,1.3737,1126.036
0.0,0.1288,0.262,0.3846,-3.3349,-1.9609,0.4433,1126.036
0.0,0.1285,0.2594,0.384,1.1787,1.3894,1.8654,1133.11
0.0,0.1281,0.2567,0.383,2.5795,2.6364,2.9052,1135.075
0.0,0.1276,0.2586,0.382,3.9549,3.8361,3.8583,1137.572
0.0,0.1302,0.2565,0.3812,5.717,5.4392,5.0318,1140.009
0.0,0.1299,0.2552,0.3806,4.9432,5.0478,5.217,1142.228
0.0,0.1299,0.3785,0.3877,6.3291,6.161,5.9201,1144.21
0.0,0.1295,0.3737,0.3868,7.172,6.9576,6.6123,1145.041
0.0,0.1291,0.3701,0.386,6.1533,6.2926,6.5055,1147.396
0.0,0.1291,0.3699,0.3867,6.2,6.313,6.5276,1149.236
0.0,0.1288,0.367,0.3861,1.9438,3.0029,4.7501,1150.079
0.0,0.1285,0.3644,0.3856,-0.206,0.9978,3.1131,1150.079
0.0,0.1285,0.365,0.3877,4.0802,4.0576,4.2431,1153.352
0.0,0.1283,0.3625,0.3872,2.0374,2.6814,3.7874,1154.179
0.0,0.1281,0.3606,0.3868,-0.1274,0.8857,2.6513,1154.179
0.0,0.1281,0.3602,0.3872,1.4732,1.9222,2.8399,1157.117
0.0,0.1277,0.3562,0.3864,4.6251,4.4209,4.2235,1158.017
0.0,0.1272,0.3514,0.3854,5.479,5.3361,5.1366,1160.057
0.0,0.1272,0.3539,0.3877,4.1828,4.4808,4.974,1162.366
0.0,0.1272,0.3556,0.3877,4.4443,4.6505,5.0467,1163.17
0.0,0.127,0.3577,0.3872,3.7207,4.1079,4.7891,1164.05
0.0,0.1266,0.3533,0.3862,3.6027,3.9709,4.646,1165.62
0.0,0.1265,0.3525,0.386,2.5889,3.1598,4.161,1167.771
0.0,0.1265,0.3553,0.3877,1.9833,2.5987,3.7007,1168.818
0.0,0.1265,0.3899,0.3877,4.4442,4.4325,4.5455,1169.626
0.0,0.1265,0.3919,0.3877,3.791,4.0828,4.6003,1170.405
0.0,0.1264,0.3905,0.3875,1.7498,2.4916,3.753,1171.205
0.0,0.1262,0.388,0.387,-0.878,0.2842,2.2818,1171.205
0.0,0.1261,0.3871,0.3868,-3.5167,-2.0425,0.5259,1171.205
0.0,0.1261,0.3866,0.3867,-5.4333,-3.7953,-1.0354,1171.205
0.0,0.1259,0.3848,0.3863,-3.1086,-2.1101,-0.4098,1171.205
0.0,0.1259,0.4027,0.3877,-1.0946,-0.5632,0.3846,1171.205
0.0,0.1258,0.4016,0.3875,-4.5926,-3.2955,-1.123,1171.205
0.0,0.1257,0.4009,0.3873,-9.5622,-7.2159,-3.3776,1171.205
0.0,0.1231,0.3999,0.3872,-10.7578,-8.4878,-4.2185,1171.205
0.0,0.1126,0.3986,0.3855,-10.7348,-8.5746,-4.3893,1171.205
0.0,0.1126,0.3481,0.3514,-8.2545,-6.722,-3.5358,1171.205
0.0,0.1126,0.3043,0.3246,-4.847,-3.9386,-2.0035,1171.205
0.0,0.1126,0.28,0.3098,-1.3586,-1.0353,-0.3155,1171.205
0.0,0.1126,0.2732,0.3103,3.8848,3.3714,2.3103,1185.511
0.0,0.1257,0.2926,0.351,7.7268,6.6261,4.3189,1186.549
0.0,0.1256,0.3308,0.3838,5.9668,5.161,3.5581,1187.356
0.1275,0.1255,0.3724,0.3874,5.2891,4.5869,3.2568,819.998
0.2134,0.2738,0.4054,0.3877,8.417,7.0563,4.8329,825.071
0.2655,0.2788,0.403,0.3873,10.3577,9.0858,6.0918,831.585
2.4188,0.2778,0.4024,0.4028,7.9276,6.9749,4.9572,453.714
2.797,0.2727,0.3991,0.3947,5.6138,5.4464,5.4002,659.245
2.5501,0.2718,0.3986,0.3914,2.2617,2.7129,4.0763,752.578
2.239,0.2685,0.4032,0.3895,1.645,2.0755,3.346,781.2
1.8959,0.2662,0.4017,0.3879,0.8953,1.4295,2.7554,811.266
1.5781,0.2622,0.399,0.3872,0.6623,1.1546,2.3998,830.13
1.3072,0.2622,0.399,0.3874,2.0242,2.2329,2.8514,845.131
1.0793,0.2819,0.4051,0.3876,4.3031,4.185,4.0352,856.293
0.8883,0.2764,0.4016,0.387,3.9473,4.0559,4.3303,865.448
0.6918,0.2743,0.4003,0.3867,0.5595,1.2765,2.9259,865.448
0.5388,0.2728,0.3994,0.3865,-1.7051,-0.8061,1.3666,865.448
0.4196,0.2812,0.4046,0.3876,-1.6979,-0.9942,0.7529,865.448
0.3556,0.2788,0.4031,0.3874,1.2422,1.3669,1.8003,878.733
0.2984,0.2821,0.4052,0.3877,3.9028,3.6684,3.3409,884.045
1.0714,0.2822,0.4053,0.3949,4.4466,4.2715,4.1481,670.0
1.2224,0.2804,0.4044,0.3915,5.8822,5.6605,5.1917,749.044
1.1788,0.2779,0.4033,0.3893,2.1754,2.7333,3.9588,788.338
0.9181,0.2743,0.402,0.3889,0.4238,1.0987,2.7283,788.338
0.715,0.2732,0.4014,0.3887,-0.314,0.3249,1.9219,788.338
0.5568,0.2732,0.4014,0.3885,-2.0533,-1.2268,0.7937,788.338
0.4337,0.2824,0.4054,0.3884,-0.4583,-0.0364,1.0539,788.338
0.4546,0.2807,0.4044,0.3875,0.9728,1.1591,1.7377,824.019
0.354,0.2801,0.4042,0.3875,-2.4001,-1.5855,0.4228,824.019
0.2757,0.2782,0.4034,0.3873,-0.3356,-0.0015,0.8721,824.019
0.2982,0.2825,0.4054,0.3877,2.1305,2.0817,2.1158,841.681
0.3086,0.2784,0.4034,0.3873,0.9912,1.2536,2.0395,846.273
0.2404,0.2764,0.4026,0.3871,-2.3812,-1.5176,0.519,846.273
0.1872,0.2739,0.4016,0.3869,-4.7815,-3.6905,-1.1385,846.273
0.1458,0.2716,0.4005,0.3867,-5.6073,-4.4576,-1.8173,846.273
0.1135,0.2658,0.3967,0.3861,-4.4596,-3.5375,-1.4163,846.273
0.0884,0.2628,0.3948,0.3858,-6.0844,-4.8982,-2.204,846.273
0.0689,0.2297,0.3934,0.3855,-4.144,-3.3037,-1.3845,846.273
0.0536,0.2074,0.3925,0.3853,-0.6121,-0.3965,0.2078,846.273
0.1087,0.2014,0.3902,0.3848,0.5052,0.5639,0.7759,852.478
0.1367,0.2039,0.3904,0.3877,3.3966,3.058,2.2584,862.548
0.1469,0.282,0.4051,0.3877,3.4732,3.1561,2.4305,870.505
0.2205,0.2768,0.4019,0.387,5.4067,4.773,3.3851,828.26
0.6005,0.2816,0.4049,0.392,2.357,2.2368,2.0761,740.489
0.7146,0.2799,0.4038,0.3897,0.7865,1.088,1.9542,782.794
0.7146,0.2755,0.401,0.3878,1.9854,2.0748,2.4619,809.28
0.6558,0.2734,0.3997,0.3875,2.8614,2.8557,3.0536,831.583
0.5885,0.2686,0.3967,0.3869,4.3616,4.1663,3.9741,845.427
0.5305,0.2672,0.4046,0.3876,7.4536,6.831,5.7489,849.031
0.4713,0.2765,0.4017,0.387,6.529,6.4258,6.1279,858.369
0.4121,0.2729,0.3995,0.3866,2.6051,3.2186,4.5649,867.347
0.3556,0.2704,0.3979,0.3863,1.8195,2.3498,3.6573,874.605
0.3032,0.2631,0.3933,0.3853,4.0391,4.0804,4.3222,880.53
0.2554,0.2595,0.391,0.3849,4.5114,4.5778,4.7868,885.662
0.7909,0.2823,0.4053,0.3935,4.5822,4.6991,5.0071,709.613
0.9355,0.2814,0.4049,0.3908,6.871,6.6285,6.1471,764.503
0.926,0.2751,0.4018,0.3884,7.2822,7.1383,6.8025,796.851
0.8383,0.2714,0.4,0.3875,4.7652,5.1398,5.9563,823.903
0.7422,0.2653,0.3961,0.387,4.0237,4.4042,5.3314,837.94
1.1397,0.2806,0.4045,0.3931,4.219,4.4894,5.1906,714.987
1.1818,0.2705,0.4002,0.3897,5.57,5.5936,5.7416,770.639
1.0773,0.2647,0.3964,0.3877,5.3141,5.4634,5.8384,809.659
0.9376,0.2596,0.3932,0.3871,7.2139,7.0483,6.7468,832.053
1.473,0.2814,0.4049,0.3943,6.4635,6.5626,6.7774,684.632
1.5043,0.2764,0.4027,0.3909,5.6879,5.917,6.4632,755.85
1.3733,0.2689,0.399,0.3885,5.6016,5.8049,6.3239,795.545
1.1906,0.2745,0.4036,0.3875,5.8727,6.0164,6.4033,822.408
1.019,0.2653,0.3977,0.3866,7.0821,7.0336,6.9875,836.388
0.8649,0.2563,0.3919,0.3854,5.6524,5.9348,6.5749,849.602
0.7288,0.2513,0.3886,0.3848,4.516,4.9332,5.9158,860.327
0.6104,0.248,0.3995,0.3873,4.0352,4.4455,5.4438,868.909
0.5082,0.2418,0.395,0.3864,3.1984,3.6894,4.8656,875.883
0.4204,0.2351,0.3903,0.3855,2.6364,3.1431,4.3644,881.771
0.3451,0.231,0.3873,0.3849,1.862,2.4337,3.7908,886.764
0.281,0.2264,0.3841,0.3842,0.7554,1.4372,3.0337,890.841
0.2188,0.2235,0.3821,0.3838,-0.8162,0.032,1.9909,890.841
0.1704,0.2181,0.3782,0.383,-0.4607,0.1646,1.6912,890.841
0.135,0.2109,0.3734,0.382,1.9745,2.1169,2.6079,898.24
0.1052,0.2103,0.3707,0.3814,1.9508,2.2334,2.9131,900.826
0.0819,0.2065,0.368,0.3808,-0.1323,0.5629,2.0854,900.826
0.0638,0.2021,0.3651,0.3801,-0.9156,-0.2076,1.4018,900.826
0.0497,0.1986,0.3626,0.3804,-0.185,0.2948,1.4374,900.826
0.0387,0.2766,0.4041,0.3875,1.6826,1.8107,2.2427,908.664
0.039,0.2817,0.405,0.3876,4.8291,4.5281,3.9574,893.333
0.2527,0.2823,0.4054,0.3895,8.669,7.9622,6.3807,789.593
0.7962,0.2823,0.4054,0.3935,6.5237,6.5196,6.3956,708.308
0.9365,0.2761,0.4023,0.3902,6.2793,6.3101,6.3741,765.253
0.9053,0.2738,0.4032,0.3885,7.5551,7.3808,7.0121,803.456
0.8241,0.2769,0.4047,0.3876,6.651,6.7347,6.9013,823.18
0.7324,0.2655,0.398,0.3867,5.6079,5.8557,6.4324,837.11
0.6407,0.2586,0.3936,0.3858,4.7343,5.0746,5.8886,850.282
0.5535,0.2819,0.405,0.3877,4.847,5.0988,5.7425,860.792
0.7865,0.2818,0.4051,0.3912,8.0162,7.713,7.1242,756.227
0.8284,0.2731,0.4008,0.3885,8.0206,7.9185,7.6679,791.44
0.7643,0.2623,0.3945,0.3869,7.9149,7.9011,7.8641,823.144
0.6853,0.2523,0.3883,0.3856,9.1992,8.9961,8.5614,837.466
0.6035,0.2647,0.4034,0.3873,13.0447,12.2817,10.6077,850.582
0.5244,0.2532,0.396,0.3859,13.2407,12.7578,11.5537,860.89
0.4501,0.243,0.3893,0.3845,11.387,11.3542,11.1619,869.693
0.382,0.2349,0.3837,0.3834,10.0284,10.1819,10.4747,876.867
0.3205,0.2264,0.3779,0.3822,9.2665,9.4687,9.9132,882.889
0.2656,0.2162,0.371,0.3807,9.5003,9.5906,9.8197,888.028
0.2168,0.21,0.3668,0.3798,9.8446,9.8671,9.9419,892.54
0.1742,0.1943,0.3561,0.3774,10.9313,10.7764,10.4773,895.933
0.136,0.1788,0.3461,0.3752,12.1317,11.8339,11.2273,899.769
0.1059,0.1666,0.3386,0.3735,13.1982,12.8078,12.011,903.051
0.0825,0.1649,0.3373,0.3767,14.7462,14.1714,13.0311,906.984
0.0642,0.1642,0.3939,0.3876,17.1661,16.2822,14.5435,908.972
0.05,0.1602,0.3937,0.387,15.5929,15.2809,14.535,910.681
0.039,0.1556,0.3897,0.3862,11.9846,12.3901,13.0247,913.287
0.0303,0.1494,0.3846,0.3852,10.8067,11.2076,11.9537,916.08
0.0236,0.1425,0.3724,0.3828,11.3274,11.4615,11.7554,919.357
0.0184,0.1513,0.4016,0.387,13.1123,12.8493,12.4287,928.325
0.0143,0.1491,0.4012,0.387,12.6408,12.596,12.4838,931.061
0.0112,0.1487,0.4041,0.3875,10.4583,10.8631,11.5563,934.43
0.0087,0.1457,0.3979,0.3863,8.7952,9.3786,10.455,936.545
0.0068,0.1456,0.3987,0.3877,5.6065,6.6676,8.6033,941.341
0.0053,0.1451,0.3961,0.3873,5.8662,6.5471,7.9141,942.827
0.0041,0.1446,0.3936,0.3868,6.6409,7.0441,7.8963,944.252
0.0032,0.2804,0.4038,0.3875,8.3241,8.3641,8.5471,945.672
0.0025,0.2819,0.405,0.3876,9.861,9.7166,9.4452,947.088
0.0019,0.2825,0.4055,0.3877,10.4831,10.3516,10.0568,948.499
0.0956,0.2825,0.4055,0.3877,9.7537,9.824,9.9669,834.869
0.1482,0.2825,0.4055,0.3877,7.4548,7.8961,8.9016,847.989
0.1732,0.2813,0.4055,0.3877,6.3925,6.8611,8.0084,858.614
0.18,0.2795,0.4042,0.3877,6.3522,6.7064,7.6218,867.282
0.1752,0.276,0.4014,0.3873,7.3802,7.5075,7.9034,874.394
0.1631,0.2695,0.3962,0.3864,9.5575,9.3542,8.9698,880.256
0.147,0.2825,0.4055,0.3877,13.5807,12.8394,11.1967,885.107
0.1684,0.2821,0.4055,0.3877,16.0888,15.2476,13.2315,861.259
0.1731,0.2782,0.403,0.3876,15.6528,15.168,13.891,869.448
0.1673,0.2708,0.399,0.3869,14.8832,14.6202,13.8909,876.177
0.1549,0.2621,0.3943,0.3861,15.154,14.8544,14.0977,881.73
0.139,0.2604,0.3932,0.3868,16.845,16.2974,15.0077,886.33
0.1214,0.2559,0.394,0.3874,18.078,17.4611,15.9771,890.152
0.1033,0.2475,0.3895,0.3867,18.0745,17.6028,16.417,893.334
0.0858,0.2365,0.3834,0.3857,17.3297,17.0539,16.3196,895.99
0.0692,0.2254,0.3775,0.3846,16.9733,16.7513,16.1799,898.211
0.0539,0.2151,0.3722,0.3837,16.3374,16.2163,15.8817,900.07
0.0419,0.2045,0.3672,0.3827,15.3433,15.3635,15.3471,901.639
0.0327,0.2629,0.4025,0.3873,14.9298,14.9496,14.965,903.204
0.0254,0.2751,0.4031,0.3874,16.084,15.8549,15.3383,904.763
0.0198,0.262,0.3977,0.3866,14.9646,14.9849,14.9693,906.317
0.0154,0.2567,0.399,0.3874,15.4105,15.2961,15.0273,907.865
0.012,0.2429,0.3936,0.3866,15.9915,15.7877,15.308,909.409
0.0094,0.2283,0.3877,0.3857,16.604,16.3306,15.6904,910.947
0.0073,0.214,0.3819,0.3849,17.0398,16.7401,16.0395,912.48
0.0057,0.2019,0.3764,0.3841,15.7884,15.7628,15.6269,914.007
0.0044,0.1856,0.3691,0.3829,15.7611,15.6745,15.4658,915.53
0.0034,0.1673,0.3607,0.3816,16.2292,16.031,15.6109,917.048
0.0027,0.1555,0.3557,0.3808,16.8796,16.5721,15.9493,918.559
0.0021,0.1353,0.3459,0.3792,17.99,17.5065,16.5682,920.066
0.0016,0.1327,0.3347,0.3775,19.0195,18.3984,17.2589,921.568
0.0013,0.131,0.3256,0.376,19.6508,19.0122,17.832,923.065
0.001,0.129,0.3136,0.3741,20.1102,19.4734,18.2949,924.557
0.0008,0.1276,0.303,0.3725,21.0685,20.3063,18.9286,926.043
0.0006,0.1262,0.2918,0.3707,21.0842,20.4367,19.2347,927.526
0.0005,0.1252,0.2835,0.3694,20.4731,20.0178,19.1443,929.002
0.0004,0.1243,0.2746,0.3679,19.7206,19.4213,18.8288,937.373
0.0003,0.123,0.2631,0.3658,19.0677,18.863,18.4503,945.884
0.0002,0.122,0.2536,0.364,17.807,17.8199,17.7757,956.294
0.0002,0.1209,0.2491,0.3618,17.3668,17.3574,17.3107,965.723
0.0001,0.1199,0.2464,0.3598,17.2978,17.2206,17.0725,977.879
0.0001,0.1308,0.399,0.3869,18.5524,18.1459,17.4741,996.039
0.0001,0.1306,0.3971,0.387,17.9662,17.7795,17.3947,999.374
0.0001,0.2747,0.4014,0.3872,16.3152,16.4641,16.645,1000.88
0.0,0.2708,0.4,0.3874,15.3246,15.4984,15.8745,1001.979
0.0,0.2509,0.3895,0.3859,15.2349,15.3155,15.5094,1002.991
0.0,0.228,0.3774,0.3841,16.0401,15.9291,15.6965,1004.351
0.0,0.2123,0.3692,0.3828,15.6669,15.6438,15.5661,1005.815
0.0,0.1946,0.3596,0.3813,16.1096,15.9776,15.6891,1007.13
0.0,0.1771,0.3503,0.3798,16.8315,16.5773,16.0381,1008.497
0.0,0.1565,0.339,0.3779,18.1812,17.7114,16.7573,1010.756
0.0,0.1353,0.3275,0.3759,18.6401,18.1745,17.2363,1013.748
0.0,0.1332,0.3155,0.3738,19.324,18.7656,17.7259,1016.912
0.0,0.1328,0.3125,0.3857,18.7229,18.3786,17.6908,1022.41
0.0,0.1309,0.298,0.383,18.762,18.4023,17.7223,1024.453
0.0,0.1302,0.2927,0.3846,20.4232,19.7102,18.4599,1030.971
0.0,0.1484,0.4009,0.387,21.1708,20.4316,19.0992,1033.878
0.0,0.1383,0.3838,0.384,21.2226,20.6378,19.4591,1035.613
0.0,0.1359,0.3721,0.3819,19.5662,19.3798,18.9164,1041.151
0.0,0.1344,0.3628,0.3801,19.3958,19.1497,18.6527,1045.801
0.0,0.1321,0.3465,0.377,20.3709,19.878,18.9781,1049.515
0.0,0.1308,0.335,0.3747,21.3622,20.7164,19.5394,1055.948
0.0,0.1305,0.3609,0.3872,22.1918,21.4653,20.1344,1060.848
0.0,0.1302,0.3578,0.387,21.7239,21.2065,20.2082,1062.451
0.0,0.1291,0.3462,0.3846,21.5512,21.085,20.1954,1064.573
0.0,0.1287,0.3407,0.3853,22.4449,21.785,20.5951,1069.579
0.0,0.1282,0.3598,0.3866,23.1499,22.4139,21.0802,1072.378
0.0,0.1271,0.3459,0.3835,22.6568,22.1222,21.0991,1074.689
0.0,0.2774,0.402,0.387,22.3657,21.8974,21.0079,1080.338
0.0,0.2542,0.3871,0.3836,21.5966,21.3629,20.7117,1081.395
0.0,0.2414,0.3786,0.3816,20.3236,20.2636,20.0266,1083.448
0.0,0.2253,0.3681,0.379,20.5415,20.3437,19.8566,1084.971
0.0,0.2133,0.3597,0.377,21.4076,21.0302,20.1634,1087.424
0.0,0.1976,0.3494,0.3744,22.1825,21.7045,20.6146,1089.561
0.0,0.1848,0.3405,0.3722,22.0464,21.6487,20.7229,1092.298
0.0,0.2704,0.3994,0.3865,22.5738,22.0813,21.0018,1094.665
0.0,0.2536,0.3885,0.3841,21.8358,21.5651,20.8245,1095.896
0.0,0.2362,0.3773,0.3814,21.717,21.4347,20.7095,1097.379
0.0,0.2236,0.3688,0.3793,21.2767,21.0519,20.4667,1098.934
0.0,0.2071,0.3581,0.3766,21.0687,20.8417,20.275,1100.406
0.0,0.2045,0.3831,0.3872,22.2238,21.752,20.7065,1102.202
0.0,0.193,0.3753,0.3858,22.0173,21.6503,20.783,1103.179
0.0,0.1785,0.3653,0.3833,20.8269,20.6837,20.2826,1104.711
0.0,0.1622,0.354,0.3805,20.6647,20.4663,20.0103,1106.43
0.0,0.1483,0.3444,0.378,20.581,20.3501,19.8508,1108.262
0.0,0.1394,0.3294,0.3743,20.9944,20.6422,19.9466,1109.963
0.0,0.1371,0.3193,0.3718,21.4045,20.9719,20.1424,1114.832
0.0,0.1346,0.3049,0.3684,22.7644,22.0719,20.7962,1118.908
0.0,0.134,0.302,0.3676,24.1369,23.2602,21.6466,1124.766
0.0,0.1336,0.2996,0.3823,23.6775,23.0461,21.8126,1126.54
0.0,0.1323,0.2903,0.3799,22.8911,22.4523,21.578,1128.136
0.0,0.1316,0.2847,0.3802,21.6082,21.4084,20.9605,1132.237
0.0,0.1305,0.2764,0.3781,20.4423,20.3898,20.2234,1135.077
0.0,0.1294,0.2648,0.3751,20.2187,20.086,19.8174,1138.848
0.0,0.1283,0.2535,0.3722,20.4716,20.2108,19.7332,1144.015
0.0,0.1273,0.2486,0.3688,20.945,20.5601,19.8696,1149.053
0.0,0.1265,0.2462,0.3661,22.0711,21.4562,20.3777,1156.297
0.0,0.1258,0.2444,0.3635,22.2167,21.6565,20.6369,1162.343
0.0,0.1255,0.2436,0.3742,21.7716,21.3515,20.559,1168.485
0.0,0.1248,0.2424,0.3721,20.5739,20.4034,20.0337,1171.749
0.0,0.1245,0.2419,0.3769,20.3692,20.1488,19.7324,1176.291
0.0,0.1243,0.2416,0.379,20.6487,20.3123,19.7146,1178.318
0.0,0.124,0.2411,0.3812,20.7839,20.4124,19.7491,1180.141
0.0,0.1237,0.2925,0.3866,21.6776,21.1068,20.1251,1182.615
0.0,0.123,0.2809,0.3837,21.5569,21.0882,20.2386,1184.804
0.0,0.1748,0.4019,0.387,22.1472,21.5608,20.5343,1189.907
0.0,0.1957,0.4009,0.3868,20.4923,20.3655,19.9919,1191.2
0.0,0.2183,0.4032,0.3873,18.473,18.6379,18.8839,1192.598
0.0,0.2446,0.3985,0.3862,19.0169,18.9117,18.6797,1193.619
0.0,0.2413,0.396,0.386,18.5014,18.465,18.3389,1195.568
0.0,0.23,0.3879,0.3842,17.5864,17.6546,17.7616,1196.638
0.0,0.2154,0.3778,0.3818,17.6549,17.621,17.5352,1198.744
0.0,0.2018,0.3682,0.3795,19.3658,18.9856,18.1789,1201.351
0.0,0.1859,0.3575,0.377,20.6473,20.1201,18.9735,1203.786
0.0,0.1704,0.3467,0.3743,20.9133,20.4398,19.3923,1206.633
0.0,0.2799,0.404,0.3873,22.2799,21.5886,20.166,1209.392
0.0,0.2609,0.3943,0.3849,22.95,22.3549,20.8589,1210.252
0.0,0.2459,0.3845,0.3826,22.9435,22.4385,21.1532,1211.731
0.0,0.2322,0.3753,0.3804,22.1469,21.8171,20.9418,1213.073
0.0,0.2216,0.3679,0.3786,21.1963,21.0016,20.4607,1214.332
0.0,0.2071,0.3583,0.3762,19.7852,19.7741,19.6547,1215.474
0.0,0.1966,0.3511,0.3743,19.0637,19.0648,19.0144,1216.955
0.0,0.1889,0.3457,0.3729,17.7393,17.8902,18.1526,1218.271
0.0,0.1815,0.3405,0.3715,17.3527,17.441,17.6094,1219.434
0.0,0.1668,0.3304,0.3688,17.9357,17.8266,17.6102,1220.59
0.0,0.1605,0.326,0.3676,19.005,18.679,18.0355,1222.184
0.0,0.1433,0.3142,0.3644,20.0475,19.573,18.6289,1223.282
0.0,0.1397,0.3038,0.3618,20.8686,20.2971,19.1989,1225.428
0.0,0.1374,0.2943,0.3594,21.7831,21.1081,19.8249,1229.411
0.0,0.1371,0.2934,0.3602,21.9223,21.321,20.1531,1233.324
0.0,0.1369,0.2925,0.3611,20.5078,20.2617,19.7061,1234.3
0.0,0.1357,0.2868,0.3596,20.0908,19.8572,19.3718,1235.305
0.0,0.1346,0.2809,0.358,19.4762,19.3206,18.9808,1237.939
0.0,0.1332,0.2731,0.3559,18.8576,18.7668,18.5533,1240.645
0.0,0.1329,0.2717,0.3594,18.6235,18.5074,18.2661,1244.037
0.0,0.1323,0.2679,0.3584,17.9171,17.9006,17.8288,1245.214
0.0,0.1316,0.2639,0.3572,17.3271,17.3562,17.376,1247.229
0.0,0.1309,0.2597,0.356,17.0108,17.0244,17.0284,1249.346
0.0,0.13,0.2558,0.3544,16.6107,16.6445,16.684,1251.534
0.0,0.1295,0.254,0.3533,16.3706,16.3892,16.4078,1254.443
0.0,0.1287,0.252,0.3519,16.2876,16.269,16.226,1256.744
0.0,0.1281,0.2504,0.3505,15.9613,15.9747,15.981,1259.522
0.0,0.1275,0.2492,0.3494,15.9029,15.8786,15.8265,1262.388
0.0,0.1269,0.2479,0.3481,16.567,16.3651,16.0167,1264.733
0.0,0.1264,0.247,0.347,17.2126,16.8987,16.3437,1267.529
0.0,0.1259,0.2459,0.3457,17.4276,17.1191,16.555,1269.808
0.0,0.1254,0.2451,0.3448,17.386,17.1198,16.6215,1272.87
0.0,0.1253,0.245,0.3459,17.4843,17.2068,16.6935,1274.833
0.0,0.1249,0.2445,0.3453,17.4463,17.1901,16.7109,1275.776
0.0,0.1248,0.2443,0.3461,17.5188,17.2501,16.753,1277.139
0.0,0.1247,0.2442,0.3471,17.4155,17.1778,16.7306,1278.237
0.0,0.1242,0.2436,0.3464,17.4768,17.2219,16.751,1279.016
0.0,0.1241,0.2435,0.3467,17.299,17.0875,16.6865,1280.52
0.0,0.1234,0.2427,0.3458,17.4877,17.2231,16.7411,1281.241
0.0,0.123,0.2423,0.3452,17.7939,17.4717,16.8918,1282.79
0.0,0.1226,0.2419,0.3448,18.2512,17.8547,17.1472,1283.866
0.0,0.1221,0.2414,0.3442,18.8455,18.3634,17.5071,1284.751
0.0,0.1219,0.2411,0.3689,19.3329,18.8079,17.8703,1285.75
0.0,0.1216,0.2408,0.3685,19.1668,18.74,17.9689,1286.608
0.0,0.1216,0.2408,0.3689,17.1773,17.2195,17.2,1287.413
0.0,0.1213,0.2406,0.3686,15.7866,16.0027,16.3144,1288.081
0.0,0.1212,0.2404,0.3684,14.1691,14.5922,15.2623,1288.846
0.0,0.121,0.2403,0.3682,13.0672,13.5446,14.3342,1289.594
0.0,0.1207,0.2399,0.3677,12.5389,12.9605,13.6784,1290.337
0.0,0.1205,0.2397,0.3674,12.318,12.6605,13.2539,1291.161
0.0,0.1203,0.2395,0.3714,12.9247,13.0401,13.2698,1291.962
0.0,0.1202,0.2921,0.3877,13.6513,13.5934,13.5248,1292.723
0.0,0.1202,0.309,0.3877,12.9371,13.0771,13.2915,1293.387
0.0,0.12,0.3083,0.3873,12.4017,12.6076,12.9426,1294.049
0.0,0.1198,0.3078,0.3871,11.9503,12.1879,12.5826,1294.801
0.0,0.1196,0.3073,0.3869,11.3203,11.6288,12.1397,1295.506
0.0,0.1196,0.3796,0.3877,11.225,11.4662,11.8841,1296.213
0.0,0.1318,0.4051,0.3877,11.9517,11.9724,12.048,1296.874
0.0,0.1457,0.4053,0.3877,11.122,11.3468,11.7285,1297.559
0.0,0.1455,0.4043,0.3875,10.737,10.9674,11.4041,1298.218
0.0,0.1452,0.4025,0.3872,10.1361,10.4319,10.988,1298.911
0.0,0.1448,0.4006,0.3869,10.0023,10.2496,10.7347,1299.624
0.0,0.1442,0.3976,0.3864,11.1038,11.0753,11.0824,1300.345
0.0,0.1437,0.3955,0.386,12.1138,11.9338,11.6386,1301.118
0.0,0.1431,0.3927,0.3854,13.138,12.8362,12.3001,1301.896
0.0,0.1505,0.4049,0.3876,13.9605,13.5989,12.9331,1302.702
0.0,0.2823,0.4052,0.3877,13.143,13.0638,12.8585,1303.393
0.0,0.282,0.4051,0.3877,11.3893,11.607,12.0627,1304.046
0.0,0.2797,0.4034,0.3874,9.7635,10.1438,11.0254,1304.703
0.0,0.2779,0.4019,0.3871,7.2813,7.9369,9.4772,1305.367
0.0,0.2764,0.4008,0.3869,5.947,6.6079,8.2276,1306.028
0.0,0.275,0.3997,0.3867,5.4797,6.0424,7.4632,1306.687
0.0,0.2728,0.3981,0.3864,6.3511,6.653,7.4858,1307.347
0.0,0.2693,0.3953,0.3859,7.1537,7.3159,7.7881,1308.011
0.0,0.2691,0.3952,0.3864,7.8651,7.9387,8.1772,1308.683
0.0,0.2672,0.3937,0.3861,9.0356,8.956,8.83,1309.332
0.0,0.2646,0.3917,0.3857,9.6501,9.5536,9.3513,1309.997
0.0,0.2599,0.3878,0.385,10.8088,10.5839,10.0865,1310.654
0.0,0.2569,0.3853,0.3845,10.5545,10.478,10.2746,1311.305
0.0,0.2544,0.3832,0.384,9.648,9.7527,9.9632,1311.954
0.0,0.2528,0.3818,0.3838,8.3873,8.6669,9.292,1312.604
0.0,0.2515,0.3807,0.3835,7.843,8.1235,8.7906,1313.25
0.0,0.2495,0.379,0.3831,7.6114,7.8636,8.4799,1313.894
0.0,0.2481,0.3778,0.3829,7.3776,7.6263,8.2337,1314.54
0.0,0.2465,0.3764,0.3826,7.7693,7.9124,8.2935,1315.184
0.0,0.2816,0.4048,0.3876,8.9883,8.9266,8.849,1315.829
0.0,0.2804,0.4038,0.3875,8.2078,8.3555,8.6974,1316.471
0.0,0.278,0.402,0.3871,7.0294,7.3476,8.1008,1317.113
0.0,0.2769,0.4011,0.3875,6.5023,6.8246,7.6241,1317.757
0.0,0.2826,0.4055,0.3877,6.0243,6.3616,7.2036,1314.794
0.0,0.2822,0.4055,0.3877,6.1118,6.3717,7.0541,1315.437
0.0,0.2811,0.4055,0.3877,5.6319,5.9497,6.7494,1316.079
0.0,0.2788,0.4052,0.3877,5.3382,5.6578,6.4716,1316.72
0.0,0.2774,0.4044,0.3877,4.0757,4.5662,5.7614,1317.363
0.0,0.2826,0.4055,0.3877,2.9962,3.5635,4.9638,1318.003
0.0,0.2818,0.4055,0.3877,2.5446,3.0695,4.407,1318.643
0.0,0.2807,0.4052,0.3877,0.9596,1.6693,3.4189,1319.284
0.0,0.2792,0.4046,0.3877,-0.7006,0.1413,2.2244,1319.284
0.0,0.2764,0.4028,0.3877,-0.7919,-0.1091,1.6554,1319.284
0.0,0.2825,0.4055,0.3877,1.8744,2.0262,2.5805,1321.2
0.0,0.2826,0.4055,0.3877,3.2235,3.2436,3.4777,1317.179
0.0,0.2824,0.4055,0.3877,4.1315,4.1393,4.2302,1301.115
0.0,0.2812,0.4055,0.3877,3.9945,4.124,4.4623,1301.771
0.0,0.2826,0.4055,0.3877,3.4954,3.7376,4.3413,1302.428
0.0,0.2823,0.4055,0.3877,2.5964,2.9727,3.8994,1303.082
0.0,0.2818,0.4055,0.3877,2.0012,2.4168,3.4626,1303.736
0.0,0.2807,0.4055,0.3877,3.3974,3.5193,3.9254,1304.389
0.0,0.2826,0.4055,0.3877,6.4415,6.1208,5.4865,1194.91
0.0,0.2824,0.4055,0.3877,6.7244,6.5784,6.2317,1195.665
0.0,0.2826,0.4055,0.3877,3.8113,4.2534,5.2294,1196.42
0.0,0.2821,0.4055,0.3877,2.3158,2.8651,4.1962,1197.173
0.0,0.2809,0.4055,0.3877,1.8712,2.3593,3.5989,1197.927
0.0,0.2798,0.4054,0.3877,1.3018,1.8075,3.0881,1198.679
0.0,0.2773,0.4045,0.3877,1.3993,1.8158,2.9054,1199.431
0.0,0.2755,0.4032,0.3877,2.7039,2.8734,3.3985,1200.184
0.0,0.2826,0.4055,0.3877,5.3918,5.1751,4.7922,1200.936
0.0,0.2826,0.4055,0.3877,5.2207,5.2288,5.2544,1195.88
0.0,0.2823,0.4055,0.3877,3.4277,3.7939,4.6413,1196.634
0.0,0.282,0.4055,0.3877,2.1485,2.6422,3.8456,1197.388
0.0,0.2812,0.4055,0.3877,2.0701,2.4703,3.5058,1198.141
0.0,0.2825,0.4055,0.3877,3.0324,3.2278,3.7995,1198.893
0.0,0.2826,0.4055,0.3877,4.5123,4.5015,4.5735,1128.115
0.0,0.2821,0.4055,0.3877,5.0849,5.0856,5.1336,1128.933
0.0,0.2825,0.4055,0.3877,6.9564,6.7179,6.2213,1129.752
0.0,0.2826,0.4055,0.3877,9.1817,8.726,7.6893,1067.236
0.0,0.2826,0.4055,0.3877,7.7135,7.7147,7.6381,1062.994
0.0,0.2825,0.4055,0.3877,7.033,7.139,7.3715,971.617
0.0,0.2819,0.4055,0.3877,6.0228,6.2716,6.8555,972.945
0.0,0.2818,0.4055,0.3877,3.953,4.485,5.7385,974.268
0.0,0.2826,0.4055,0.3877,2.8252,3.3931,4.7952,975.587
